Workbook

Sheet TestProgress
A1: All
A2: Status | B2: Test Progress | C2: Test Progress (%)
A3: Not Start | B3: =COUNTIF(Creator_Dee!$L:$L,A3) -> 108 | C3: =IF(B3=0,0,B3/($B$10)) -> 0.94736842
A4: PASS | B4: =COUNTIF(Creator_Dee!$L:$L,A4) -> 6 | C4: =IF(B4=0,0,B4/($B$11-$B$9-$B$8)) -> 1
A5: FAIL | B5: =COUNTIF(Creator_Dee!$L:$L,A5) -> 0 | C5: =IF(B5=0,0,B5/($B$11-$B$9)) -> 0
A6: BLOCKED | B6: =COUNTIF(Creator_Dee!$L:$L,A6) -> 0 | C6: =IF(B6=0,0,B6/($B$11-$B$9)) -> 0
A7: In Progress | B7: =COUNTIF(Creator_Dee!$L:$L,A7) -> 0 | C7: =IF(B7=0,0,B7/($B$11-$B$9)) -> 0
A8: Deferred | B8: =COUNTIF(Creator_Dee!$L:$L,A8) -> 0 | C8: =IF(B8=0,0,B8/($B$11)) -> 0
A9: N/A | B9: =COUNTIF(Creator_Dee!$L:$L,A9) -> 0 | C9: =IF(B9=0,0,B9/($B$11)) -> 0
A10: Total | B10: =SUM(B3:B9) -> 114
A11: Execution Progress | B11: =SUM(B4:B9) -> 6 | C11: =IF($B$11=0,0,$B$11/$B$10) -> 0.052631579
A14: Not Start + Execution Progress = 100
A15: Pass to Deferred = 100
A16: ทุกอย่าง/Execution Progress ยกเว้น Not Start/Total
A17: N/A ไม่เอามานับรวม
A21: All
A22: Status | B22: Test Progress | C22: Test Progress (%)
A23: Not Start | B23: =COUNTIF(Income_Summary!$L:$L,A23) -> 8 | C23: =IF(B23=0,0,B23/($B$30)) -> 0.57142857
A24: PASS | B24: =COUNTIF(Creator_Dee!$L:$L,A24) -> 6 | C24: =IF(B24=0,0,B24/($B$31-$B$29-$B$28)) -> 1
A25: FAIL | B25: =COUNTIF(Creator_Dee!$L:$L,A25) -> 0 | C25: =IF(B25=0,0,B25/($B$31-$B$29)) -> 0
A26: BLOCKED | B26: =COUNTIF(Creator_Dee!$L:$L,A26) -> 0 | C26: =IF(B26=0,0,B26/($B$31-$B$29)) -> 0
A27: In Progress | B27: =COUNTIF(Creator_Dee!$L:$L,A27) -> 0 | C27: =IF(B27=0,0,B27/($B$31-$B$29)) -> 0
A28: Deferred | B28: =COUNTIF(Creator_Dee!$L:$L,A28) -> 0 | C28: =IF(B28=0,0,B28/($B$31)) -> 0
A29: N/A | B29: =COUNTIF(Creator_Dee!$L:$L,A29) -> 0 | C29: =IF(B29=0,0,B29/($B$31)) -> 0
A30: Total | B30: =SUM(B23:B29) -> 14
A31: Execution Progress | B31: =SUM(B24:B29) -> 6 | C31: =IF($B$11=0,0,$B$31/$B$30) -> 0.42857143

Sheet Summary
A1: No | B1: Module Name | C1: Planned Execution | E1: Actual Execution | G1: TCs Generated | H1: TCs Executed | I1: TCs Pending | J1: TCs Deferred | K1: TCs Not Applicable | L1: TCs Pass | M1: TCs Fail | N1: Achieved % | O1: Pass % | P1: TCs Left | Q1: Module Progress | R1: Upload Test Result ลง GG Drive | S1: Create TC by | T1: Execute by | U1: Remark
C2: Start | D2: End | E2: Start | F2: End
A3: 1 | B3: Dashboard + Deal | G3: =Creator_Dee!F220 -> 100 | H3: =L3+M3 -> 6 | I3: =Creator_Dee!F217 -> 0 | J3: =Creator_Dee!F218 -> 0 | K3: =Creator_Dee!F219 -> 0 | L3: =Creator_Dee!F214 -> 6 | M3: =Creator_Dee!F215 -> 0 | N3: =(H3+I3+K3)/G3 -> 0.06 | O3: =L3/(G3-J3-K3) -> 0.06 | P3: =G3-H3-I3-J3-K3 -> 94 | Q3: Not Start | R3: Not Start
A4: 2 | B4: Calendar | G4: =Calendar!F120 -> 77 | H4: =L4+M4 -> 19 | I4: =Calendar!F117 -> 0 | J4: =Calendar!F118 -> 0 | K4: =Calendar!F119 -> 0 | L4: =Calendar!F114 -> 19 | M4: =Calendar!F115 -> 0 | N4: =(H4+I4+K4)/G4 -> 0.24675325 | O4: =L4/(G4-J4-K4) -> 0.24675325 | P4: =G4-H4-I4-J4-K4 -> 58 | Q4: Not Start | R4: Not Start
A5: 3 | B5: User Package | G5: =User_Package!F118 -> 71 | H5: =L5+M5 -> 55 | I5: =User_Package!F115 -> 0 | J5: =User_Package!F116 -> 2 | K5: =User_Package!F117 -> 0 | L5: =User_Package!F112 -> 51 | M5: =User_Package!F113 -> 4 | N5: =(H5+I5+K5)/G5 -> 0.77464789 | O5: =L5/(G5-J5-K5) -> 0.73913043 | P5: =G5-H5-I5-J5-K5 -> 14 | Q5: Not Start | R5: Not Start
A6: 4 | B6: Business_Profile | G6: =Business_Profile!F46 -> 13 | H6: =L6+M6 -> 0 | I6: =Business_Profile!F47 -> 0 | J6: =Business_Profile!F48 -> 0 | K6: =Business_Profile!F49 -> 0 | L6: =Business_Profile!F44 -> 0 | M6: =Business_Profile!F45 -> 0 | N6: =(H6+I6+K6)/G6 -> 0 | O6: =L6/(G6-J6-K6) -> 0 | P6: =G6-H6-I6-J6-K6 -> 13 | Q6: Not Start | R6: Not Start
A7: 5 | B7: Create_content | G7: =Create_content!F86 -> 47 | H7: =L7+M7 -> 0 | I7: =Create_content!F87 -> 0 | J7: =Create_content!F88 -> 0 | K7: =Create_content!F89 -> 0 | L7: =Create_content!F84 -> 0 | M7: =Create_content!F85 -> 0 | N7: =(H7+I7+K7)/G7 -> 0 | O7: =L7/(G7-J7-K7) -> 0 | P7: =G7-H7-I7-J7-K7 -> 47 | Q7: Not Start | R7: Not Start
A8: Total Progress | G8: =SUM(G3:G5) -> 248 | H8: =M8+L8 -> 80 | I8: =SUM(I3:I5) -> 0 | J8: =SUM(J3:J5) -> 2 | K8: =SUM(K3:K5) -> 0 | L8: =SUM(L3:L5) -> 76 | M8: =SUM(M3:M5) -> 4 | N8: =(H8+I8+J8+K8)/G8 -> 0.33064516 | O8: =L8/(G8-J8-K8) -> 0.30894309 | P8: =SUM(P3:P5) -> 166
A11: Figma
A13: Design Case
A16: CW
A17: FSD
A18: Defect
A19: Test Result

Sheet Creator_Dee
B1: =HYPERLINK("#Document!A1", "Refer to sheet Document") -> Refer to sheet Document
A3: Total TC. | B3: =COUNTIF(A13:A182,"TC_*") -> 114
A4: Test Cases ID | B4: Test Case Description | C4: Pre-Conditions | D4: Test Step | E4: Expected Result | F4: Positive/Negative | G4: Priority | H4: Test Data | I4: Tester | J4: Execution Plan | K4: Execution date | L4: Test Result | M4: Remark
A10: CreatorDee
A11: Scenario : Case validations : เมนู "หลัก"
A12: ="TC_Creator_Dee_"&(ROW()-ROW($A$12)+1) -> TC_Creator_Dee_1 | B12: ตรวจสอบเมนู : หน้าหลัก กรณี : บัญชีที่ยังไม่มีข้อมูลดีลเลย ระบบแสดงตัวเลข 0 ในทุกกล่อง summary ระบบแสเดงหน้าจอถูกต้อง เงื่อนไข -กดเมนู : หน้าหลัก (บัญชีใหม่ ไม่มีดีล) | E12: -ระบบแสดงหน้า หลัก โดยยังไม่มีรายการ ดีล - ระบบแสดงตัวเลข 0 ในกล่อง summar รายได้เดือนนี้ / เงินค้าง / ดีลที่กำลังทำอยู่ | F12: Positive | G12: Medium | I12: Garfield | L12: PASS
A13: ="TC_Creator_Dee_"&(ROW()-ROW($A$12)+1) -> TC_Creator_Dee_2 | B13: ตรวจสอบเมนู : หน้าหลัก กรณี : กด กล่อง summary "รายได้เดือนนี้" ระบบแสดงหน้าจอถูกต้อง (ยอดรวมดีลที่กดรับเงินแล้วในเดือนปัจจุบัน) เงื่อนไข -กดเมนู : หน้าหลัก -กด : "รายได้เดือนนี้" | E13: - ระบบแสดงพาไปหน้า สรุปการเงิน แสดงรายละเอียดถูกต้อง - ระบบแสดงกล่อง ยอดเงินเข้าจริง (หลังหัก ณ ที่จ่าย)/ ยอดเงินค้างรับรวม /หัก ณ ที่จ่ายสะสม - ระบบแสดง เครื่องมือภาษี ใบ 50 ทวิ/ รายจ่าย / เตรียมยื่นภาษี | F13: Positive | G13: Medium | I13: Garfield | L13: PASS
A14: ="TC_Creator_Dee_"&(ROW()-ROW($A$12)+1) -> TC_Creator_Dee_3 | B14: ตรวจสอบเมนู : หน้าหลัก กรณี : กดกล่อง summary "เงินค้างรับ" ระบบแสดงหน้าจอถูกต้อง (ยอดรวมดีลสถานะรอรับเงินทั้งหมด) เงื่อนไข -กดเมนู : หน้าหลัก -กด : "เงินค้างรับ" | C14: Pre-Conditions | E14: - ระบบแสดงพาไปหน้า ดีล แสดงรายละเอียดถูกต้อง - ระบบแสดงรายการ ดีล สถานะ "รอจ่าย" ของแต่ละเดือน | F14: Positive | G14: Medium | I14: Garfield | L14: PASS
A15: ="TC_Creator_Dee_"&(ROW()-ROW($A$12)+1) -> TC_Creator_Dee_4 | B15: ตรวจสอบเมนู : หน้าหลัก กรณี : กดกล่อง summary "ดีลที่กำลังทำ" ระบบแสดงจำนวนดีลในสถานะกำลังทำงานถูกต้อง เงื่อนไข -กดเมนู : หน้าหลัก -กด : "ดีลที่กำลังทำ" | C15: Pre-Conditions | E15: - ระบบแสดงพาไปหน้า ดีลทั้งหมดที่แสดงรายละเอียดถูกต้อง | F15: Positive | G15: Medium | I15: Garfield | L15: PASS
A16: ="TC_Creator_Dee_"&(ROW()-ROW($A$12)+1) -> TC_Creator_Dee_5 | B16: ตรวจสอบเมนู : หน้าหลัก สิ่งที่ควรจัดการ กรณี มีรายการ ดีล > 3 รายการ โดยมีมรายละเอียดดังนี้ ระบบแสดงหน้าจอถูกต้อง เงื่อนไข -กดเมนู : หน้าหลัก -มีรายการ ดีล : ใกล้ / เลยนัดส่งสคริป์ต 1 รายการ -มีรายการ ดีล : ใกล้ / เลย นัดส่ง draft > 1 รายการ -มีรายการ ดีล : อยู่ในช่วง เตือน Exclusivity 2 รายการ -มีรายการ ดีล : จ่ายเงินแล้ว แต่ยังไม่ออกเอกสาร | E16: - ระบบแสดงรายการ ดีล แต่ละหัวข้อได้ถูกต้อง | F16: Positive | G16: Medium | I16: Garfield | L16: PASS
A17: ="TC_Creator_Dee_"&(ROW()-ROW($A$12)+1) -> TC_Creator_Dee_6 | B17: ตรวจสอบเมนู : หน้าหลัก มีรายการ "สิ่งที่ควรจัดการ" สถานะ "ด่วนมาก" กรณี กดที่ ปุ่ม : "ดูดีล" ระบบแสดงหน้าจอถูกต้อง เงื่อนไข -กดเมนู : หน้าหลัก -กดปุ่ม : ดูดีล | C17: Pre-Conditions | E17: -ระบบพาไปหน้าเมนู : ดีล แสดงรายละเอียด ดีล ทั้งหมดถูกต้อง | F17: Positive | G17: Medium | I17: Garfield | L17: PASS
A18: ="TC_Creator_Dee_"&(ROW()-ROW($A$12)+1) -> TC_Creator_Dee_7 | B18: ตรวจสอบเมนู : หน้าหลัก มีรายการ "สิ่งที่ควรจัดการ" สถานะ "ด่วนมาก" กรณี กดที่ ปุ่ม : "เลื่อนเตือน อีก 3 วัน " ระบบแสดงหน้าจอถูกต้อง เงื่อนไข -กดเมนู : หน้าหลัก -กดปุ่ม :เลื่อนเตือน -popup : เลือก อีก 3 วัน -กดปุ่ม : เลื่อน | C18: Pre-Conditions | E18: -ระบบแสดง popup : เลื่อนเตือน "ซ่อนรายการนี้ไว้ก่อน แล้วเตือนอีกครั้งใน" -แสดงปุ่ม : ยกเลิก , เลื่อน - รายการ ดีล "ดีลด่วน" หายไปจากหน้า หลัก | F18: Positive | G18: Medium | H18: กางเคสระยะเวลาที่จะตกแต่ละสถานะ | L18: Not Start
A19: ="TC_Creator_Dee_"&(ROW()-ROW($A$12)+1) -> TC_Creator_Dee_8 | B19: ตรวจสอบเมนู : หน้าหลัก มีรายการ "สิ่งที่ควรจัดการ" กรณี กดที่ ปุ่ม : "รับทราบ" ระบบแสดงหน้าจอถูกต้อง เงื่อนไข -กดเมนู : หน้าหลัก | C19: Pre-Conditions | E19: -ระบบแสดง รายการ ดีล "ดีลด่วน" ที่เลื่อนเตือนไปแสดงรายการดีลถูกต้อง | F19: Positive | G19: Medium | L19: Not Start
A20: Scenario : Case validations : เมนู "ดีล"
A21: บันทึกดีลเข้าระบบ
A22: ="TC_Creator_Dee_"&(ROW()-ROW($A$12)+1-2) -> TC_Creator_Dee_9 | B22: ตรวจสอบเมนู : ดีล กรณี "ยังไม่มีรายการดีล" ระบบและแสดงรายการทั้งหมดถูกต้อง เงื่อนไข - กดเมนู : ดีล | E22: -ระบบแสดงหน้า ดีล ถูกต้อง โดยแสดงช่อง คเนหาชื่อประเภทแบรน์ด / drop down ปี / drop down หมวดหมู่สิ้นค้า / drop down สถานะ - แสดงปุ่ม "ล้าง" -แสดงปุ่ม "Export" -แสดงปุ่ม "เพิ่มดิล" | F22: Positive | G22: High | L22: Not Start
A23: ="TC_Creator_Dee_"&(ROW()-ROW($A$12)+1-2) -> TC_Creator_Dee_10 | B23: ตรวจสอบเมนู : ดีล กดปุ่ม "เพิ่มดีล" User สร้างดีล กรอกข้อมูลครบทุก Field กรณี : "วันที่นัดส่งสคริปต์ให้แบรนด์รีวิว / วันนัดส่ง draft/งาน > (Current date = 3 วัน) ไม่กด "ช่วยคิดเรต" ระบบสร้างดีลสำเร็จ และแสดงรายการทั้งหมดถูกต้อง เงื่อนไข - กดเมนู : ดีล - กดปุ่ม : เพิ่มดีล - All Field : กรอกข้อมูลครบทุก - Field : วันที่นัดส่งสคริปต์ให้แบรนด์รีวิว / วันนัดส่ง draft/งาน > (Current date = 3 วัน) - กด : "เพิ่มดีล" | E23: หน้าหลัก -ระบบแสดงรายการ ดีล ใกล้นัดส่ง สคริปต์ · test สถานะ : ด่วน -ระบบแสดงรายการดีล ใกล้นัดส่ง draft/งาน · test สถานะ : ด่วน หน้าดีล -ระบบแสดงรายละเอียดที่หน้า ดีล ถูกต้อง โดยแสดง หมายเหตุ : ใกล้ deadline | F23: Positive | G23: High | L23: Not Start
A24: ="TC_Creator_Dee_"&(ROW()-ROW($A$12)+1-2) -> TC_Creator_Dee_11 | B24: ตรวจสอบเมนู : ดีล กดปุ่ม "เพิ่มดีล" กรณี User สร้างดีล โดย "ไม่กรอกชื่อแบรนด์ / ไม่กรอกประเภทงาน" และกดปุ่ม "เพิ่มดีล" ระบบ error ถูกต้อง เงื่อนไข - กดเมนู : ดีล - กดปุ่ม : เพิ่มดีล - Field ชื่อแบรนด์ / ประเภทงาน : ไม่กรอกข้อมูล - Other field : กรอกข้อมูลครบ - กด "เพิ่มดีล" | C24: Pre-Conditions | E24: หน้าดีล -ระบบแสดง error : " ใส่ชื่อแบรนด์" ใต้ Field ถูกต้อง -ระบบแสดง error : " ใส่ประเภทงาน" ใต้ Field ถูกต้อง -ไม่สามารถสร้างดีลได้ | F24: Negative | G24: High | L24: Not Start
A25: ="TC_Creator_Dee_"&(ROW()-ROW($A$12)+1-2) -> TC_Creator_Dee_12 | B25: ตรวจสอบเมนู : ดีล กดปุ่ม "เพิ่มดีล" กรณี User สร้างดีลชื่อแบรนด์ซ้ำ "เพิ่มดีล" สามารถทำการสร้างดีลได้สำเร็จ เงื่อนไข - กดเมนู : ดีล - กดปุ่ม : เพิ่มดีล - Field ชื่อแบรนด์ : กรอกชื่อแบรนด์ซ้ำ - กด "เพิ่มดีล" | E25: หน้าดีล -ระบบแสดงรายละเอียดที่หน้า ดีล ถูกต้อง โดยแสดงชื่อแบรนด์ถูกต้อง | F25: Positive | G25: Medium | H25: -ระบบสร้างชื่อแบร์นดซ้ำได้ | L25: Not Start
A26: ="TC_Creator_Dee_"&(ROW()-ROW($A$12)+1-2) -> TC_Creator_Dee_13 | B26: ตรวจสอบเมนู : ดีล กดปุ่ม "เพิ่มดีล" กรณีกรอกข้อมูล Field : ชื่อแบรนด์ * / ประเภทงาน * / ช่องทางที่ติดต่อ / ราคา (บาท) ครบถ้วน และกด เมนู "ช่วยคิดเรต" ระบบหน้าจอถูกต้อง เงื่อนไข - กดเมนู : ดีล - กดปุ่ม : เพิ่มดีล - All field : กรอกข้อมูลครบทุก - กด : "ช่วยคิดเรต" | E26: -ระบบพาไปหน้า "ประเมินราคางานที่ควรเสนอ" ถูกต้อง | F26: Positive | G26: Medium | L26: Not Start
A27: ="TC_Creator_Dee_"&(ROW()-ROW($A$12)+1-2) -> TC_Creator_Dee_14 | B27: ตรวจสอบเมนู : ดีล กดปุ่ม "เพิ่มดีล" กรณี User ไม่กรอกข้อมูล Field ทั้งหมด และกดปุ่ม "ช่วยคิดเรต" ระบบหน้าจอถูกต้อง เงื่อนไข - All field : ไม่กรอกข้อมูล - กด : "ช่วยคิดเรต" | E27: หน้าดีล -ระบบแสดง error : "กรอกจำนวนผู้ติดตาม หรือยอดวิวเฉลี่ยอย่างน้อยหนึ่งค่า" ถูกต้อง | F27: Negative | G27: High | L27: Not Start
A28: ="TC_Creator_Dee_"&(ROW()-ROW($A$12)+1-2) -> TC_Creator_Dee_15 | B28: ตรวจสอบเมนู : ดีล กดปุ่ม "เพิ่มดีล" กรณี : User มีการสร้างดีลโดยมีเพียง วันที่นัดส่งสคริปต์ให้แบรนด์รีวิว และยังห่างจากวันปัจจุบันเกิน 3 วัน เงื่อนไข - วันที่นัดส่งสคริปต์ให้แบรนด์รีวิว > (Current date + 3 วัน) | E28: หน้าหลัก -ระบบแสดงรายการ ดีล ใกล้นัดส่ง สคริปต์ สถานะ : ด่วน หน้าดีล -ระบบแสดงรายละเอียดที่หน้า ดีล ถูกต้อง โดยแสดง หมายเหตุ : ใกล้ deadline | F28: Positive | G28: Medium | L28: Not Start | M28: TC_Calendar_2
A29: ="TC_Creator_Dee_"&(ROW()-ROW($A$12)+1-2) -> TC_Creator_Dee_16 | B29: ตรวจสอบเมนู : ดีล กดปุ่ม "เพิ่มดีล" กรณี : สร้างดีลโดยมีเพียง วันที่นัดส่งสคริปต์ให้แบรนด์รีวิว และเกือบจะถึง deadline แล้ว (= 3 วัน) เงื่อนไข - วันที่นัดส่งสคริปต์ให้แบรนด์รีวิว = (Current date ) แต่ไม่ต่ำกว่า Current Date | E29: หน้าหลัก -ระบบแสดงรายการ ดีล ใกล้นัดส่ง สคริปต์ สถานะ : ด่วน หน้าดีล -ระบบแสดงรายละเอียดที่หน้า ดีล ถูกต้อง โดยแสดง หมายเหตุ : ใกล้ deadline | F29: Positive | G29: Medium | L29: Not Start | M29: TC_Calendar_3
A30: ="TC_Creator_Dee_"&(ROW()-ROW($A$12)+1-2) -> TC_Creator_Dee_17 | B30: ตรวจสอบเมนู : ดีล กดปุ่ม "เพิ่มดีล" กรณี : สร้างดีลโดยมีเพียง วันที่นัดส่งสคริปต์ให้แบรนด์รีวิว แต่เลย deadline แล้ว (< Current date) เงื่อนไข - สถานะดีล : ทาบทาม - วันที่นัดส่งสคริปต์ให้แบรนด์รีวิว < (Current date) | E30: หน้าหลัก -ระบบแสดงรายการ ดีล เลยนัดส่ง สคริปต์ สถานะ : ด่วนมาก หน้าดีล -ระบบแสดงรายละเอียดที่หน้า ดีล ถูกต้อง โดยแสดง หมายเหตุ : เลย deadline | F30: Positive | G30: Medium | L30: Not Start | M30: TC_Calendar_4
A31: ="TC_Creator_Dee_"&(ROW()-ROW($A$12)+1-2) -> TC_Creator_Dee_18 | B31: ตรวจสอบเมนู : ดีล กดปุ่ม "เพิ่มดีล" กรณี : สร้างดีลโดยมีเพียง วันที่นัดส่ง draft / งาน และยังห่างจากวันปัจจุบันเกิน 3 วัน เงื่อนไข - สถานะดีล : ทาบทาม - วันที่นัดส่ง draft / งาน > (Current date + 3 วัน) | E31: หน้าหลัก -ระบบแสดงรายการ ดีล ใกล้นัดส่ง draft/งาน สถานะ : ด่วน หน้าดีล -ระบบแสดงรายละเอียดที่หน้า ดีล ถูกต้อง โดยแสดง หมายเหตุ : ใกล้ deadline | F31: Positive | G31: Medium | L31: Not Start | M31: TC_Calendar_5
A32: ="TC_Creator_Dee_"&(ROW()-ROW($A$12)+1-2) -> TC_Creator_Dee_19 | B32: ตรวจสอบเมนู : ดีล กดปุ่ม "เพิ่มดีล" กรณี : สร้างดีลโดยมีเพียง วันที่นัดส่ง draft / งาน และเกือบจะถึง deadline แล้ว (<= 3 วัน) เงื่อนไข - สถานะดีล : ทาบทาม - วันที่นัดส่ง draft / งาน <= (Current date + 3 วัน) แต่ไม่ต่ำกว่า Current Date | E32: หน้าหลัก -ระบบแสดงรายการ ดีล ใกล้นัดส่ง draft/งาน สถานะ : ด่วน หน้าดีล -ระบบแสดงรายละเอียดที่หน้า ดีล ถูกต้อง โดยแสดง หมายเหตุ : ใกล้ deadline | F32: Positive | G32: Medium | L32: Not Start | M32: TC_Calendar_6
A33: ="TC_Creator_Dee_"&(ROW()-ROW($A$12)+1-2) -> TC_Creator_Dee_20 | B33: ตรวจสอบเมนู : ดีล กดปุ่ม "เพิ่มดีล" กรณี : User มีการสร้างดีลโดยมีเพียง วันที่นัดส่ง draft / งาน แต่เลย deadline แล้ว (< Current date) เงื่อนไข - สถานะดีล : ทาบทาม - วันที่นัดส่ง draft / งาน < (Current date) | E33: หน้าหลัก -ระบบแสดงรายการ ดีล เลยนัดส่ง draft/งาน สถานะ : ด่วนมาก หน้าดีล -ระบบแสดงรายละเอียดที่หน้า ดีล ถูกต้อง โดยแสดง หมายเหตุ : เลย deadline | F33: Positive | G33: Medium | L33: Not Start | M33: TC_Calendar_7
A34: ="TC_Creator_Dee_"&(ROW()-ROW($A$12)+1-2) -> TC_Creator_Dee_21 | B34: ตรวจสอบเมนู : ดีล กดปุ่ม "เพิ่มดีล" กรณี : User มีการสร้างดีลโดยมีเพียง วันลงงาน / เผยแพร่ และยังห่างจากวันปัจจุบันเกิน 3 วัน เงื่อนไข - สถานะดีล : ทาบทาม - วันลงงาน / เผยแพร่ > (Current date + 3 วัน) | E34: หน้าหลัก -ระบบแสดงรายการ ดีล อยู่ในหมวดหมู่ "ดีลที่ยังไม่ได้นัดวัน" หน้าดีล -ระบบแสดงรายละเอียดที่หน้า ดีล ถูกต้อง โดยแสดง ไม่แสดงแจ้งเตือน หมายเหตุ | F34: Positive | G34: Medium | L34: Not Start | M34: TC_Calendar_8
A35: ="TC_Creator_Dee_"&(ROW()-ROW($A$12)+1-2) -> TC_Creator_Dee_22 | B35: ตรวจสอบเมนู : ดีล กดปุ่ม "เพิ่มดีล" กรณี : User มีการสร้างดีลโดยมีเพียง วันลงงาน / เผยแพร่ และเกือบจะถึง deadline แล้ว (<= 3 วัน) เงื่อนไข - สถานะดีล : ทาบทาม - วันลงงาน / เผยแพร่ <= (Current date + 3 วัน) แต่ไม่ต่ำกว่า Current Date | E35: หน้าหลัก -ระบบแสดงรายการ ดีล อยู่ในหมวดหมู่ "ดีลที่ยังไม่ได้นัดวัน" หน้าดีล -ระบบแสดงรายละเอียดที่หน้า ดีล ถูกต้อง โดยแสดง ไม่แสดงแจ้งเตือน หมายเหตุ | F35: Positive | G35: Medium | L35: Not Start | M35: TC_Calendar_9
A36: ="TC_Creator_Dee_"&(ROW()-ROW($A$12)+1-2) -> TC_Creator_Dee_23 | B36: ตรวจสอบเมนู : ดีล กดปุ่ม "เพิ่มดีล" กรณี : User มีการสร้างดีลโดยมีเพียง วันลงงาน / เผยแพร่ แต่เลย deadline แล้ว (< Current date) เงื่อนไข - สถานะดีล : ทาบทาม - วันลงงาน / เผยแพร่ < (Current date) | E36: หน้าหลัก -ระบบแสดงรายการ ดีล อยู่ในหมวดหมู่ "ดีลที่ยังไม่ได้นัดวัน" หน้าดีล -ระบบแสดงรายละเอียดที่หน้า ดีล ถูกต้อง โดยแสดง หมายเหตุ : เลยวันลง FYI : ระบบต้องแจ้งเตือนที่หน้าหลัก สถานะ "ด่วนมาก" ? | F36: Positive | G36: Medium | L36: Not Start | M36: TC_Calendar_10
A37: ="TC_Creator_Dee_"&(ROW()-ROW($A$12)+1-2) -> TC_Creator_Dee_24 | B37: ตรวจสอบเมนู : ดีล Field "วันที่นัดส่งสคริปต์ให้แบรนด์รีวิว" กรณี User กรอกข้อมูล "ปีย้อนหลัง = 2568" และกดปุ่ม "เพิ่มดิล" ระบบแสดงหน้าจอถูกต้อง เงื่อนไข -Field วันที่นัดส่งสคริปต์ให้แบรนด์รีวิว : 1 ก.ค. ปี (2568) | E37: หน้าหลัก -ระบบแสดงรายการ ดีล อยู่ในหมวดหมู่ "ดีลที่ยังไม่ได้นัดวัน" หน้าดีล -ระบบแสดงรายการ ดีล อยู่ในหมวดหมู่ "กรกฎาคม 2568". แสดงรายละเอียดที่หน้า ดีล ถูกต้อง โดยแสดง หมายเหตุ : เลยวันลง | F37: Positive | G37: High | L37: Not Start
A38: ="TC_Creator_Dee_"&(ROW()-ROW($A$12)+1-2) -> TC_Creator_Dee_25 | B38: ตรวจสอบเมนู : ดีล กดปุ่ม "เพิ่มดีล" Field "วันที่นัดส่ง draft / งาน" กรณี User กรอกข้อมูล "เดือน = มิถุนายน" และกดปุ่ม "เพิ่มดิล" ระบบแสดงหน้าจอถูกต้อง เงื่อนไข -Field วันที่นัดส่ง draft / งาน : "เดือน = มิถุนายน" | E38: หน้าหลัก -ระบบแสดงรายการ ดีล เลยนัดส่ง draft/งาน สถานะ : ด่วนมาก หน้าดีล -ระบบสร้างดีลของเดือน "มิถุยนายน" สำเร็จ รายการแสดงที่หน้า "ดีล" -ระบบแสดงสถานะ "ทาบทาม" ถูกต้อง | F38: Positive | G38: High | L38: Not Start
A39: ="TC_Creator_Dee_"&(ROW()-ROW($A$12)+1-2) -> TC_Creator_Dee_26 | B39: ตรวจสอบเมนู : ดีล กดปุ่ม "เพิ่มดีล" กำหนดการ & การจ่ายเงิน Field "กำหนดจ่ายเงิน" กรณี กรอกข้อมูล "ปีย้อนหลัง = 2568" และกดปุ่ม "เพิ่มดิล"ระบบแสดงหน้าจอถูกต้อง เงื่อนไข -Field "กำหนดจ่ายเงิน" : " 5 ก.ค. ปี (2568) | E39: หน้าหลัก -ระบบแสดงรายการ ดีล ข้อมูลยังไม่ครบ หน้าดีล -ระบบสร้างดีล ฮยู่ในหมวด "ไม่ระบุเดือน" สำเร็จ รายการแสดงที่หน้า "ดีล" -ระบบแสดงสถานะ "ทาบทาม" ถูกต้อง | F39: Positive | G39: High | L39: Not Start
A40: ="TC_Creator_Dee_"&(ROW()-ROW($A$12)+1-2) -> TC_Creator_Dee_27 | B40: ตรวจสอบเมนู : เพิ่มดีล และ กดปุ่ม "ช่วยคิดเรต" กรณี User กรอกยอด Engagement ทั้งหมด แล้วกด "คำนวณเรต" โดยมีรายละเอียด ระบบแสดงหน้าจอถูกต้อง เงื่อนไข - กด : ช่วยคิดเรต - Field ไลก์ : 5,000 - Field คอมเมนต์ : 100 - Field เซฟ : 1,000 - Filed แชร์ : 550 - กดปุ่ม : "คำนวณเรต" | E40: -ระบบคำนวณคิดเรตงานจากยอด Engagement ได้ถูกต้อง -ระบบแสดงยอด ราคาที่แนะนำ 3 ราคามาให้เลือก : Low/Market / Premium | F40: Positive | G40: High | L40: Not Start
A41: ="TC_Creator_Dee_"&(ROW()-ROW($A$12)+1-2) -> TC_Creator_Dee_28 | B41: ตรวจสอบเมนู : ดีล กดปุ่ม "ช่วยคิดเรต" กรณี ไม่กรอกยอด Engagement ทั้งหมด แล้วกด "คำนวณเรต"ระบบแสดงหน้าจอถูกต้อง เงื่อนไข - กด : ช่วยคิดเรต - All Field : ไม่กรอกข้อมูล - กดปุ่ม : "คำนวณเรต" | E41: -ระบบแสดง error "กรอกจำนวนผู้ติดตาม หรือยอดวิวเฉลี่ยอย่างน้อยหนึ่งค่า" | F41: Negative | G41: Low | L41: Not Start
A42: เตือน Exclusivity ชนกัน
A43: ="TC_Creator_Dee_"&(ROW()-ROW($A$12)+1-4) -> TC_Creator_Dee_28 | B43: ตรวจสอบเมนู : ห้ามรับคู่แข่ง (Exclusivity) Field "ตั้งแต่" กรณี User เลือก "ปี ย้อนหลัง" แต่ Field "ถึง" เลือก "ปี ปัจจุบัน" และกดปุ่ม "เพิ่มดิล" ระบบแสดงหน้าจอถูกต้อง เงื่อนไข - Field "ตั้งแต่" : เลือก "ปี ย้อนหลัง" - Field "ถึง" : เลือก "ปี ปัจจุบัน" - กดปุ่ม : "เพิ่มดิล" | E43: -ระบบสร้างดีลสำเร็จรายการแสดงที่หน้า "ดีล" ถูกต้อง และแสดง หมายเหตุ : exclusivity | F43: Negative | G43: Medium | L43: Not Start
A44: ="TC_Creator_Dee_"&(ROW()-ROW($A$12)+1-4) -> TC_Creator_Dee_29 | B44: ตรวจสอบเมนู : ห้ามรับคู่แข่ง (Exclusivity) กรณี ดีลใหม่ชนกับดีลเดิม และแบรนด์เดียวกัน ช่วงเวลาลงงานชนกับช่วงห้ามรับคู่แข่ง (Exclusivity) ระบบ error ถูกต้อง เงื่อนไข -สร้างดีลใหม่หมวด "สกินแคร์" -วันลงงาน / เผยแพร่ : 20 ก.ค 2569 -ห้ามรับคู่แข่ง (Exclusivity) : ไม่ใส่ | E44: -ระบบสร้างดีลใหม่สำเร็จ -แสดงรายการดีลถูกต้อง และแสดง หมายเหตุ : exclusivity | F44: Negative | G44: Medium | L44: Not Start
A45: ="TC_Creator_Dee_"&(ROW()-ROW($A$12)+1-4) -> TC_Creator_Dee_30 | B45: ตรวจสอบเมนู : ห้ามรับคู่แข่ง (Exclusivity) กรณี เป็นสินค้าคนละแบรนด์ แต่หมวดสินค้าเดียวกัน แต่ช่วงเวลาลงงานตรงกับช่วงห้ามรับคู่แข่ง (Exclusivity) ดีลเดิม ระบบแสดงหน้าจอถูกต้อง เงื่อนไข -ดีลเดิมช่วง หมวดหมู่ แฟชั่น (Exclusivity) : 15 ก.ค 2569 - 22 ก.ค 2569 -ดีลใหม่ หมวดหมู่ แฟชั่น : วันลงงาน 20 ก.ค 2569 -ดีลใหม่ไม่กำหนด (Exclusivity) | E45: -ระบบแสดง popup : Exclusivity ชนกัน -ดีลนี้ชนเงื่อนไขห้ามรับคู่แข่งของดีลเดิม: -XX · หมวดเดียวกัน · ช่วงห้าม 2026-07-XX – 2026-07-XX -ระบบแสดงปุ่ม : ยกเลิก -ระบบแสดงปุ่ม : รับต่อ (รับทราบความเสี่ยง) -ระบบแสดงรายการดีลถูกต้อง และแสดง หมายเหตุ : รับทราบเสี่ยง ดีลใหม่ที่เพิ่งสร้าง | F45: Negative | G45: Medium | L45: Not Start
A46: ="TC_Creator_Dee_"&(ROW()-ROW($A$12)+1-4) -> TC_Creator_Dee_31 | B46: ตรวจสอบเมนู : ห้ามรับคู่แข่ง (Exclusivity) กรณี ไม่ได้ระบุหมวดสินค้า สร้างดีลใหม่ ระบุหมวด "แฟชั่น" ช่วงเวลา (Exclusivity) ทับกันบางส่วน (วันสุดท้ายพอดี) ระบบแสดงหน้าจอถูกต้อง เงื่อนไข -ดีล หมวด "ไม่ระบุ" exclusivity : 22ก.ค 2569 - 28 ก.ค 2569 -สร้างดีลใหม่ : หมวด "แฟชั่น" - ช่วงเวลา exclusivity : 28 ก.ค 2569 -3 ส.ค 2569 | E46: -ไม่สามารถทำรายการได้ ระบบแสดง error ระบุ "เลือกหมวดที่ห้ามชน" | F46: Negative | G46: Medium | L46: Not Start
A47: ="TC_Creator_Dee_"&(ROW()-ROW($A$12)+1-4) -> TC_Creator_Dee_32 | B47: ตรวจสอบเมนู : ห้ามรับคู่แข่ง (Exclusivity) กรณี ดีล exclusivity เดิมถูกยกเลิกไปแล้ว และ สร้างดีลใหม่หมวดเดียวกัน ช่วงทับกัน คนละแบรนด์ ระบบแสดงหน้าจอถูกต้อง เงื่อนไข -สร้างดีลใหม่หมวดเดียวกัน ช่วงทับกัน คนละแบรนด์ | E47: -ระบบสร้างดีลใหม่สำเร็จ -แสดงรายการดีลถูกต้อง และแสดง หมายเหตุ : exclusivity | F47: Positive | G47: Medium | L47: Not Start
A48: ="TC_Creator_Dee_"&(ROW()-ROW($A$12)+1-4) -> TC_Creator_Dee_33 | B48: ตรวจสอบเมนู : ดีล กดปุ่ม "เพิ่มดีล" ห้ามรับคู่แข่ง (Exclusivity) กรณี แก้ไขวันลงงานไปชนดีลอื่น หมวดหมู่เดียวกัน "สกินแคร์" ระบบแสดงหน้าจอถูกต้อง เงื่อนไข -แบรนด์ A : แก้วันลงงานของดีล ให้ตรงเวลา exclusivity แบรนด์ B -แบรนด์ A ไม่ระบุเวลา exclusivity | E48: -ระบบแสดง popup : Exclusivity ชนกัน -ดีลนี้ชนเงื่อนไขห้ามรับคู่แข่งของดีลเดิม: -XX · หมวดเดียวกัน · ช่วงห้าม 2026-07-XX – 2026-07-XX -ระบบแสดงปุ่ม : ยกเลิก -ระบบแสดงปุ่ม : รับต่อ (รับทราบความเสี่ยง) -ระบบแสดงรายการดีลถูกต้อง และแสดง หมายเหตุ : รับทราบเสี่ยง ดีลใหม่ที่เพิ่งสร้าง | F48: Positive | G48: Medium | L48: Not Start
A49: ค้นหา / กรอง / ดูภาพรวมดีล
A50: ="TC_Creator_Dee_"&(ROW()-ROW($A$12)+1-3) -> TC_Creator_Dee_36 | B50: ตรวจสอบเมนู : ดีล "ค้นหาด้วยชื่อแบรนด์ " กรณี User มีการเพิ่มดีล "Adidas" ก่อนหน้า แสดงรายการทั้งหมดถูกต้อง เงื่อนไข - ค้นหาด้วยชื่อแบรนด์ : Adidas | E50: -ระบบสร้างดีลสำเร็จรายการแสดงที่หน้า "ดีล" ถูกต้อง | F50: Positive | G50: Medium | L50: Not Start
A51: ="TC_Creator_Dee_"&(ROW()-ROW($A$12)+1-3) -> TC_Creator_Dee_37 | B51: ตรวจสอบเมนู : ดีล กรณี User "กรองสถานะดีลหลายตัวกรองพร้อมกัน" โดยมีรายละเอียดดังนี้ แสดงรายการทั้งหมดถูกต้อง เงื่อนไข - drop down ปี : 2568 - drop down สถานะ : จ่ายเงินแล้ว - drop down หมวดหมู่ : อาหาร / แฟชั่น | E51: -ระบบแสดงรายการ "ดีล" ถูกต้อง รายการที่ตัวเลือกคัดกรอง | F51: Positive | G51: Medium | L51: Not Start
A52: ="TC_Creator_Dee_"&(ROW()-ROW($A$12)+1-3) -> TC_Creator_Dee_38 | B52: ตรวจสอบเมนู : ดีล กรณี User กรองจากสถานะ "ทุกสถานะ" ระบบแสดงรายการทั้งหมดถูกต้อง เงื่อนไข - drop down สถานะ : เลือกทุกสถานะ | E52: -ระบบแสดงรายการ "ดีล" ถูกต้อง จากทุกสถานะ โดยมีรายการจากสถานะ ดังนี้ -ทาบทาม -ตกลงราคา -กำลังทำงาน -รอจ่าย -จ่ายแล้ว -ยกเลิก | F52: Positive | G52: Low | L52: Not Start
A53: ="TC_Creator_Dee_"&(ROW()-ROW($A$12)+1-3) -> TC_Creator_Dee_39 | B53: ตรวจสอบเมนู : ดีล กรณี User กรองจากสถานะ "ทาบทาม" ระบบแสดงรายการทั้งหมดถูกต้อง เงื่อนไข - drop down สถานะ : เลือก "ทาบทาม" | E53: -ระบบแสดงรายการ "ดีล" ถูกต้อง จากทุกสถานะ "ทาบทาม" และแสดงรายละเอียดรายการถูกต้อง | F53: Positive | G53: Low | L53: Not Start
A54: ="TC_Creator_Dee_"&(ROW()-ROW($A$12)+1-3) -> TC_Creator_Dee_40 | B54: ตรวจสอบเมนู : ดีล กรณี User กรองจากสถานะ "ตกลงราคา" ระบบแสดงรายการทั้งหมดถูกต้อง เงื่อนไข - drop down สถานะ : เลือก "ตกลงราคา" | E54: -ระบบแสดงรายการ "ดีล" ถูกต้อง จากทุกสถานะ "ตกลงราคา" และแสดงรายละเอียดรายการถูกต้อง | F54: Positive | G54: Low | L54: Not Start
A55: ="TC_Creator_Dee_"&(ROW()-ROW($A$12)+1-3) -> TC_Creator_Dee_41 | B55: ตรวจสอบเมนู : ดีล กรณี User กรองจากสถานะ "กำลังทำงาน" ระบบแสดงรายการทั้งหมดถูกต้อง เงื่อนไข - drop down สถานะ : เลือก "กำลังทำงาน" | E55: -ระบบแสดงรายการ "ดีล" ถูกต้อง จากทุกสถานะ "กำลังทำงาน" และแสดงรายละเอียดรายการถูกต้อง | F55: Positive | G55: Low | L55: Not Start
A56: ="TC_Creator_Dee_"&(ROW()-ROW($A$12)+1-3) -> TC_Creator_Dee_42 | B56: ตรวจสอบเมนู : ดีล กรณี User กรองจากสถานะ "จ่ายแล้ว" ระบบแสดงรายการทั้งหมดถูกต้อง เงื่อนไข - drop down สถานะ : เลือก "จ่ายแล้ว" | E56: -ระบบแสดงรายการ "ดีล" ถูกต้อง จากทุกสถานะ "จ่ายแล้ว" และแสดงรายละเอียดรายการถูกต้อง | F56: Positive | G56: Low | L56: Not Start
A57: ="TC_Creator_Dee_"&(ROW()-ROW($A$12)+1-3) -> TC_Creator_Dee_43 | B57: ตรวจสอบเมนู : ดีล กรณี User กรองจากสถานะ "รอจ่าย , ตกลงราคา" ระบบแสดงรายการทั้งหมดถูกต้อง เงื่อนไข - drop down สถานะ : เลือก "รอจ่าย , ตกลงราคา" | E57: -ระบบแสดงรายการ "ดีล" ถูกต้อง จากทุกสถานะ "รอจ่าย , ตกลงราคา" และแสดงรายละเอียดรายการถูกต้อง | F57: Positive | G57: Low | L57: Not Start
A58: ="TC_Creator_Dee_"&(ROW()-ROW($A$12)+1-3) -> TC_Creator_Dee_44 | B58: ตรวจสอบเมนู : ดีล กรณี User กรองจากสถานะ "ยกเลิก" ระบบแสดงรายการทั้งหมดถูกต้อง เงื่อนไข - drop down สถานะ : เลือก "ยกเลิก" | E58: -ระบบแสดงรายการ "ดีล" ถูกต้อง จากทุกสถานะ "ยกเลิก" และแสดงรายละเอียดรายการถูกต้อง | F58: Positive | G58: Low | L58: Not Start
A59: ="TC_Creator_Dee_"&(ROW()-ROW($A$12)+1-3) -> TC_Creator_Dee_45 | B59: ตรวจสอบเมนู : ดีล กรณี User กรองจากหมวดหมู "ทุกหมวด" ระบบแสดงรายการทั้งหมดถูกต้อง เงื่อนไข - drop down หมวดหมู่ : เลือกทุกหมวหมู่ | E59: -ระบบแสดงรายการ "ดีล" ถูกต้อง โดยดึงข้อมูล ดีล ทุกหมวดหมู่มากแสดงถูกต้อง | F59: Positive | G59: Low | L59: Not Start
A60: ="TC_Creator_Dee_"&(ROW()-ROW($A$12)+1-3) -> TC_Creator_Dee_46 | B60: ตรวจสอบเมนู : ดีล กรณี User กรองจากหมวด "แกดเจ็ต/ไอที , เครื่องสำอาง" ระบบแสดงรายการทั้งหมดถูกต้อง เงื่อนไข - drop down หมวดหมู่ : "แกดเจ็ต/ไอที , เครื่องสำอาง" | E60: -ระบบแสดงรายการ "ดีล" ถูกต้อง โดยดึงข้อมูล ดีล จากหมวดหมู่ "แกดเจ็ต/ไอที , เครื่องสำอาง" มาแสดงถูกต้อง | F60: Positive | G60: Low | L60: Not Start
A61: ="TC_Creator_Dee_"&(ROW()-ROW($A$12)+1-3) -> TC_Creator_Dee_47 | B61: ตรวจสอบเมนู : ดีล กรณี User "ค้นหาชื่อที่ไม่มีในระบบ" ระบบแสดงรายการทั้งหมดถูกต้อง เงื่อนไข - ช่องค้นหา : รายการดีลที่ไม่มีในระบบ | E61: -ระบบแสดงข้อความ "ยังไม่มีดีลที่ตรงเงื่อนไข — กด "เพิ่มดีล" เพื่อเริ่ม" | F61: Positive | G61: Medium | L61: Not Start
A62: ="TC_Creator_Dee_"&(ROW()-ROW($A$12)+1-3) -> TC_Creator_Dee_48 | B62: ตรวจสอบเมนู : ดีล กรณี User "ค้นหาด้วยอักขระพิเศษ" และกดปุ่ม "ล้าง" ระบบแสดงรายการทั้งหมดถูกต้อง เงื่อนไข - ช่องค้นหา : *))$((##))@_%%#)# - กดปุ่ม "ล้าง" | E62: - ระบบแสดงข้อความ "ยังไม่มีดีลที่ตรงเงื่อนไข — กด "เพิ่มดีล" เพื่อเริ่ม" - เมื่อกดปุ่ม "ล้าง" ระบบแสดงรายการ ดีล ทั้งหมดที่มีอยู่ในระบบถูกต้อง | F62: Negative | G62: Low | L62: Not Start
A63: Scenario : Case validations : เมนู "แก้ไขดีล"
A64: ="TC_Creator_Dee_"&(ROW()-ROW($A$12)+1-5) -> TC_Creator_Dee_48 | B64: ตรวจสอบเมนู : "แก้ไข" กรณี User : แก้ไข ดีลโดยมีเพียง วันที่นัดส่ง draft / งาน และเกือบจะถึง deadline แล้ว (<= 3 วัน) โดย กดเปลี่ยน status : "ทาบทาม" ---> "ตกลงราคา" เงื่อนไข - กด icon : แก้ไข - กดเปลี่ยนสถานะดีล : "ทาบทาม" ---> "ตกลงราคา" | E64: หน้าหลัก -ระบบแสดงรายการ : สิ่งที่ควรจัดการ ใกล้นัดส่ง สคริปต์ · status : ด่วน หน้าดีล -ระบบแสดงรายการสถานะ ดีล ที่หน้า ดีลถูกต้อง -แสดงรายการ ดีล อยุ่ใน หมวด : ยังไม่ระบุเดือน : ระบุ “วันที่นัดส่งงาน” ในดีลเพื่อจัดเข้าเดือน | F64: Positive | G64: High | L64: Not Start
A65: ="TC_Creator_Dee_"&(ROW()-ROW($A$12)+1-5) -> TC_Creator_Dee_49 | B65: ตรวจสอบเมนู : "แก้ไข" กรณี User : แก้ไข วันที่นัดส่ง draft / งาน > (Current date + 3 วัน) โดย กดเปลี่ยน status : "ตกลงราคา" ---> "อยู่ในระหว่างทำงาน" เงื่อนไข - วันที่นัดส่ง draft / งาน > : Current date + 3 วัน - กดเปลี่ยนสถานะดีล : "ตกลงราคา" ---> "อยู่ในระหว่างทำงาน" FYI : ใช้ข้อมูลแก้ไขจากข้อม 52 | E65: หน้าหลัก -ระบบแสดงรายการ : สิ่งที่ควรจัดการ ใกล้นัดส่ง สคริปต์ · status : ด่วน หน้าดีล -ระบบแสดงรายการสถานะ ดีล ที่หน้า ดีลถูกต้อง -แสดงรายการ ดีล อยุ่ใน หมวด : ระบุเดือน -โดยแสดง หมายเหตุ : รอส่ง Draft | F65: Positive | G65: High | L65: Not Start
A66: ="TC_Creator_Dee_"&(ROW()-ROW($A$12)+1-5) -> TC_Creator_Dee_50 | B66: ตรวจสอบเมนู : "แก้ไข" กรณี User : แก้ไข วันที่นัดส่ง draft / งาน < (Current date 3 วัน) แต่เลย deadline แล้ว โดย กดเปลี่ยน status : "ทาบทาม" ---> "ตกลงราคา" เงื่อนไข - วันที่นัดส่ง draft / งาน : < (Current date 3 วัน) เลย deadline แล้ว - กดเปลี่ยนสถานะดีล : "ตกลงราคา" ---> "อยู่ในระหว่างทำงาน" FYI : ใช้ข้อมูลแก้ไขจากข้อม 53 | E66: หน้าหลัก -ระบบแสดงรายการ : สิ่งที่ควรจัดการ ใกล้นัดส่ง สคริปต์ · status : ด่วนมาก หน้าดีล -ระบบแสดงรายการสถานะ ดีล ที่หน้า ดีลถูกต้อง -แสดงรายการ ดีล อยุ่ใน หมวด : ระบุเดือน -โดยแสดง หมายเหตุ : เลยกำหนดส่งงาน , รอส่ง Draft | F66: Positive | G66: High | L66: Not Start
A67: ="TC_Creator_Dee_"&(ROW()-ROW($A$12)+1-5) -> TC_Creator_Dee_51 | B67: ตรวจสอบเมนู : "แก้ไข" กรณี User : แก้ไข กำหนดจ่ายเงิน > (Current date 3 วัน) แต่เลย deadline แล้ว โดย กดเปลี่ยน status : "ตกลงราคา" ---> "รอจ่าย" เงื่อนไข - กำหนดจ่ายเงิน > (Current date 3 วัน) - กดเปลี่ยนสถานะดีล : "ตกลงราคา" ---> "รอจ่าย" FYI : ใช้ข้อมูลแก้ไขจากข้อม 54 | E67: หน้าหลัก -ระบบแสดงรายการ : เงินที่ควรติดตาม · status : ปานกลาง หน้าดีล -ระบบแสดงรายการสถานะ ดีล ที่หน้า ดีลถูกต้อง -แสดงรายการ ดีล อยุ่ใน หมวด : ระบุเดือน -โดยแสดง หมายเหตุ : เลยกำหนดส่งงาน , รอส่ง Draft | F67: Positive | G67: High | L67: Not Start
A68: ="TC_Creator_Dee_"&(ROW()-ROW($A$12)+1-5) -> TC_Creator_Dee_52 | B68: ตรวจสอบเมนู : "แก้ไข" กรณี User : แก้ไข โดย กดเปลี่ยน status : "รอจ่าย" ---> "รับเงิน" เงื่อนไข - กดเปลี่ยนสถานะดีล : "รอจ่าย" ---> "รับเงิน" - รับเงินเติมจำนวน - ไม่หัก - กดปุ่ม "บันทึกรับเงิน" FYI : ใช้ข้อมูลแก้ไขจากข้อม 55 | E68: -ระบบแสดง popup : ออกใบเสร็จ? บันทึกรับเงินแล้ว — ออกใบเสร็จรับเงิน ฿10000 ให้แบรนด์เลยไหม? -แสดงปุ่ม : ยกเลิก -แสดงปุ่ม : ออกใบเสร็จ -ระบบพาไปหน้า "ใบเสร็จรับเงิน" | F68: Positive | G68: High | L68: Not Start
A69: ="TC_Creator_Dee_"&(ROW()-ROW($A$12)+1-4) -> TC_Creator_Dee_54 | B69: ตรวจสอบเมนู : ห้ามรับคู่แข่ง (Exclusivity) กรณี แก้ไขวันลงงานไปชนดีลอื่น หมวดหมู่เดียวกัน "สกินแคร์" ระบบแสดงหน้าจอถูกต้อง เงื่อนไข -แบรนด์ A : แก้วันลงงานของดีล ให้ตรงเวลา exclusivity แบรนด์ B -แบรนด์ A ไม่ระบุเวลา exclusivity | E69: -ระบบแสดง popup : Exclusivity ชนกัน -ดีลนี้ชนเงื่อนไขห้ามรับคู่แข่งของดีลเดิม: -XX · หมวดเดียวกัน · ช่วงห้าม 2026-07-XX – 2026-07-XX -ระบบแสดงปุ่ม : ยกเลิก -ระบบแสดงปุ่ม : รับต่อ (รับทราบความเสี่ยง) -ระบบแสดงรายการดีลถูกต้อง และแสดง หมายเหตุ : รับทราบเสี่ยง ดีลใหม่ที่เพิ่งสร้าง | F69: Positive | G69: Medium | L69: Not Start
A70: ="TC_Creator_Dee_"&(ROW()-ROW($A$12)+1-4) -> TC_Creator_Dee_55 | B70: ตรวจสอบเมนู : ห้ามรับคู่แข่ง (Exclusivity) กรณี แก้ไขหมวดหมู่ดีลของแบรนด์ A เป็น "เครื่องสำอาง ---> สกินแคร์" และช่วงวันที่ลงงานชนกับเงื่อนไข Exclusivity ของแบรนด์ B ระบบแสดงหน้าจอถูกต้อง เงื่อนไข -เปิดรายละเอียดดีล A -เข้าไปแก้ไข "หมวดสินค้า" ของดีล A -เปลี่ยนหมวดสินค้าเป็น "สกินแคร์" (หมวดเดียวกับที่ดีล B ตั้ง Exclusivity ห้ามชนไว้) -กดบันทึกการแก้ไข | E70: -ระบบแสดง popup : Exclusivity ชนกัน -ดีลนี้ชนเงื่อนไขห้ามรับคู่แข่งของดีลเดิม: -XX · หมวดเดียวกัน · ช่วงห้าม 2026-07-XX – 2026-07-XX -ระบบแสดงปุ่ม : ยกเลิก -ระบบแสดงปุ่ม : รับต่อ (รับทราบความเสี่ยง) -ระบบแสดงรายการดีลถูกต้อง และแสดง หมายเหตุ : รับทราบเสี่ยง ดีลใหม่ที่เพิ่งสร้าง | F70: Positive | G70: Medium | L70: Not Start
A71: ="TC_Creator_Dee_"&(ROW()-ROW($A$12)+1-4) -> TC_Creator_Dee_56 | B71: ตรวจสอบเมนู : ห้ามรับคู่แข่ง (Exclusivity) กรณี แก้ไขหมวดหมู่ดีลของแบรนด์ A จาก "สกินแคร์" → "เครื่องสำอาง" (คนละหมวดกับที่ดีล B ตั้ง Exclusivity ไว้) แม้วันลงงานจะชนกับดีล B — ระบบต้องไม่แสดง popup แจ้งเตือน ระบบแสดงหน้าจอถูกต้อง เงื่อนไข -เปิดรายละเอียดดีล A -เข้าไปแก้ไข "หมวดสินค้า" ของดีล A -เปลี่ยนหมวดสินค้าจาก "สกินแคร์" → "เครื่องสำอาง" (คนละหมวดกับที่ดีล B ตั้ง Exclusivity ห้ามชนไว้) โดยไม่แก้ไขวันลงงาน (ยังคงชนกับช่วง Exclusivity ของดีล B เหมือนเดิม) -กดบันทึกการแก้ไข | E71: -ระบบบันทึกดีลสำเร็จ -แสดงรายการดีลถูกต้อง และแสดง Reset หมายเหตุ : - | F71: Positive | G71: Medium | L71: Not Start
A72: ="TC_Creator_Dee_"&(ROW()-ROW($A$12)+1-4) -> TC_Creator_Dee_57 | B72: ตรวจสอบเมนู : "แก้ไข" กรณี User ปรับสถานะดีล "ตกลงราคา" ---> "ยกเลิก" ระบบ popup สอบถาม ถูกต้อง เงื่อนไข - กด icon : แก้ไข - กดเปลี่ยนสถานะดีล : "ตกลงราคา" ---> "ยกเลิก" | E72: -หลังปรับสถานะ ดีล : ยกเลิก ระบบแสดงรายการสถานะ ดีล ที่หน้า ดีล และแสดงสถานะ ดีล = "ยกเลิก"ถูกต้อง | F72: Positive | G72: High | L72: Not Start
A73: ="TC_Creator_Dee_"&(ROW()-ROW($A$12)+1-4) -> TC_Creator_Dee_58 | B73: ตรวจสอบเมนู : ดีล กดปุ่ม "แก้ไข" กรณี ย้อนกลับสถานะ "ยกเลิก" ---> "ตกลงราคา" ระบบ popup สอบถาม ถูกต้อง เงื่อนไข - กด icon : แก้ไข - กดเปลี่ยนสถานะดีล : "ยกเลิก" ---> "ตกลงราคา" | E73: -หลังปรับสถานะ ดีล : ตกลงราค ระบบแสดงรายการสถานะ ดีล ที่หน้า ดีล และแสดงสถานะ ดีล = "ตกลงราคา"ถูกต้อง | F73: Positive | G73: Medium | L73: Not Start
A74: งาน/สคริปต์
A75: ="TC_Creator_Dee_"&(ROW()-ROW($A$12)+1-5) -> TC_Creator_Dee_59 | B75: ตรวจสอบเมนู : "แก้ไข" กรณี กดเมนู งาน/สคริปต์ ระบบแสดงหน้าจอถูกต้อง เงื่อนไข - กด icon : แก้ไข - กด : งาน/สคริปต์ | E75: -ระบบแสดง Text box : Brief จากลูกค้า โจทย์ก่อนเริ่มทำ script สามารถกรอกข้อมูล Brief จากลูกค้าได้ -แสดงปุ่ม : บันทึก brief -แสดงปุ่ม :+ แนบรูป brief | F75: Positive | G75: Low | L75: Not Start
A76: ="TC_Creator_Dee_"&(ROW()-ROW($A$12)+1-5) -> TC_Creator_Dee_60 | B76: ตรวจสอบ : กรณี User เพิ่ม Brief จากลูกค้า และ แนบรูปรายละเอียดงาน > 1 รูป ระบบแสดงหน้าจอถูกต้อง เงื่อนไข -เพิ่ม Brief จากลูกค้า -กดปุ่ม : บันทึก brief -กดปุ่ม : + แนบรูป brief > 1 รูป | E76: -ระบบแสดงข้อมูล " Brief จากลูกค้า" ได้ถูกต้อง -ระบบแสดงรูปทั้งหมดถูกต้องตามที่แนปรูปไป | F76: Positive | G76: Low | L76: Not Start
A77: ="TC_Creator_Dee_"&(ROW()-ROW($A$12)+1-5) -> TC_Creator_Dee_61 | B77: ตรวจสอบ : กรณี User กรอกข้อมูล "ส่งสคริปต์รีวิว" และ กดปุ่ม "บันทึก" ระบบแสดงหน้าจอถูกต้อง เงื่อนไข -กรอกข้อมูล "ส่งสคริปต์รีวิว" -กดปุ่ม "บันทึก" | E77: -ระบบแสดงรายการ ส่งสคริปต์รีวิวถูกต้อง -แสดงปุ่ม "ลบ" | F77: Positive | G77: Low | L77: Not Start
A78: ="TC_Creator_Dee_"&(ROW()-ROW($A$12)+1-5) -> TC_Creator_Dee_62 | B78: ตรวจสอบเมนู : กรณี "แบรนด์ขอแก้สคริปต์ 1 รอบ" และเลือกนัดส่งสคริปต์แก้รอบถัดไป > (Current date 3 วัน) ระบบแสดงหน้าจอถูกต้อง เงื่อนไข -กรอกข้อมูล : "แบรนด์ขอแก้" -เลือกนัดส่งสคริปต์แก้รอบถัดไป : > (Current date 3 วัน) -กดปุ่ม "บันทึก" | E78: -ระบบแสดงรายการ ส่งสคริปต์แบรนด์ขอแก้ถูกต้อง -ระบบแสดงรอบแก้สคริปต์: 1 -ระบบ disable ปุ่ม ส่งสคริปต์รีวิว , แบรนด์ขอแก้ -ระบบแสดงวันที่ : เลือกนัดส่งสคริปต์แก้รอบถัดไป ถูกต้อง -แสดงปุ่ม "ลบ" | F78: Positive | G78: Low | L78: Not Start
A79: ="TC_Creator_Dee_"&(ROW()-ROW($A$12)+1-5) -> TC_Creator_Dee_63 | B79: ตรวจสอบเมนู : กรณี User แก้ไขสคริปต์เสร็จแล้วและกดปุ่ม "ส่งสคริปต์แก้แล้ว" ระบบแสดงหน้าจอถูกต้อง เงื่อนไข -กดปุ่ม : "ส่งสคริปต์แก้แล้ว" | E79: -ระบบแสดงรายการ ส่งสคริปต์แก้แล้วถูกต้อง -ระบบแสดงรอบแก้สคริปต์: 1 -ระบบ disable ปุ่ม ส่งสคริปต์รีวิว ,ส่งสคริปต์แก้ไข -ระบบแสดงวันที่ปัจจุบันที่ทำการกดปุ่มส่งสคริปต์แก้แล้ว ถูกต้อง -แสดงปุ่ม "ลบ" | F79: Positive | G79: Low
A80: ="TC_Creator_Dee_"&(ROW()-ROW($A$12)+1-5) -> TC_Creator_Dee_64 | B80: ตรวจสอบเมนู : กรณี User กดปุ่ม "สคริปต์ผ่านแล้ว" ระบบแสดงหน้าจอถูกต้อง เงื่อนไข -กดปุ่ม : "สคริปต์ผ่านแล้ว" | E80: -ระบบแสดงรายการ สคริปต์ผ่าน แล้วถูกต้อง -ระบบแสดงรอบแก้สคริปต์: 1 -ระบบ disable ปุ่ม ส่งสคริปต์รีวิว ,ส่งสคริปต์แก้ไข , สคริปต์ผ่านแล้ว -ระบบแสดงวันที่ปัจจุบันที่ทำการกดปุ่มส่งสคริปต์แก้แล้ว ถูกต้อง -แสดงปุ่ม "ลบ" | F80: Positive | G80: Low | L80: Not Start
A81: ="TC_Creator_Dee_"&(ROW()-ROW($A$12)+1-5) -> TC_Creator_Dee_65 | B81: ตรวจสอบ : กรณี User กดปุ่ม "ลบ" รายการ "สคริปต์ผ่านแล้ว" ระบบแสดง error ถูกต้อง เงื่อนไข -กดปุ่ม : "ลบ" -ระบบ popup : ลบรายการนี้ -กดปุ่ม : "ลบ" | E81: -รายการ สคริปต์ผ่าน หายไป -ระบบแสดงรายการ บันทึกสคริปต์ สถานะ : ส่งสคริปต์รีวิว / แบรนด์ขอแก้สคริปต์ / ส่งสคริปต์แก้ | F81: Positive | G81: Low | L81: Not Start
A82: งานและรอบแก้
A83: ="TC_Creator_Dee_"&(ROW()-ROW($A$12)+1-5) -> TC_Creator_Dee_67 | B83: ตรวจสอบ : กรณี User กดส่ง Draft แล้ว ระบบแสดงหน้าจอถูกต้อง เงื่อนไข - กดส่ง : Draft แล้ว | E83: -ระบบแสดงรายการ บันทึกงาน : ส่ง draft แล้วถูกต้อง -ระบบแสดงรอบแก้ฟรี X ครั้ง -ระบบ disable ปุ่ม ส่ง Draft แล้ว ,ส่งงานแก้แล้ว -ระบบแสดงวันที่ปัจจุบันที่ทำการกดปุ่มส่ง draft แล้ว ถูกต้อง -แสดงปุ่ม "ลบ" | F83: Positive | G83: Low | L83: Not Start
A84: ="TC_Creator_Dee_"&(ROW()-ROW($A$12)+1-5) -> TC_Creator_Dee_68 | B84: ตรวจสอบ : แบรนด์มีรอบแก้ฟรี 2 รอบ กรณีทำการขอแก้รอบที่ 1 กดปุ่ม "บันทึกคำขอแก้" ระบบแสดงหน้าจอถูกต้อง เงื่อนไข -กรอกข้อมูลรายละเอียดที่แบรนด์ขอแก้ -✅ นับเป็นรอบแก้ -นัดส่ง draft แก้รอบถัดไป : < (Current date 3 วัน) - กดส่ง : Draft แล้ว | E84: -ระบบแสดงรายการ บันทึกงาน : แบรนด์ขอแก้ แล้วถูกต้อง -ระบบแสดงรอบแก้ฟรี 2 ครั้ง , ใช้ไป 1 ,เหลือ 1 -ระบบ disable ปุ่ม ส่ง Draft แล้ว , แบรนด์ขอแก้ -ระบบแสดงวันที่ปัจจุบันที่ทำการกดปุ่มส่ง draft แล้ว ถูกต้อง -ระบบแสดง วันนัดส่งรอบถัดไป < (Current date 3 วัน) ถูกต้อง -แสดงปุ่ม "ลบ" | F84: Positive | G84: Low | L84: Not Start
A85: ="TC_Creator_Dee_"&(ROW()-ROW($A$12)+1-5) -> TC_Creator_Dee_69 | B85: ตรวจสอบ : หลังจากทำการแก้ไข draft เสร็จแล้ว กรณี User : ส่งงานแก้ ระบบแสดงหน้าจอถูกต้อง เงื่อนไข - กดส่ง : ส่งงานแก้ | E85: -ระบบแสดงรายการ ส่งงานแก้ แล้วถูกต้อง -ระบบแสดงรอบแก้ฟรี 2 ครั้ง , ใช้ไป 1 ,เหลือ 1 -ระบบ disable ปุ่ม ส่ง Draft แล้ว , ส่งงานแก้ -ระบบแสดงวันที่ปัจจุบันที่ทำการกดปุ่มส่งส่งงานแก้แล้ว ถูกต้อง -แสดงปุ่ม "ลบ" | F85: Positive | G85: Low | L85: Not Start
A86: ="TC_Creator_Dee_"&(ROW()-ROW($A$12)+1-5) -> TC_Creator_Dee_70 | B86: ตรวจสอบ : แบรนด์มีรอบแก้ฟรี 2 รอบ กรณีทำการขอแก้รอบที่ 2 กดปุ่ม ในนัดส่ง draft แก้รอบถัดไป และกดส่งงานแก้แล้ว ระบบแสดงหน้าจอถูกต้อง เงื่อนไข -กรอกข้อมูลรายละเอียดที่แบรนด์ขอแก้ -✅ นับเป็นรอบแก้ -นัดส่ง draft แก้รอบถัดไป : > (Current date 3 วัน) -กด: ส่ง Drft แล้ว -กด :ส่งงานแก้แล้ว | E86: -ระบบแสดงรายการ บันทึกงาน : แบรนด์ขอแก้ แล้วถูกต้อง -ระบบแสดงรอบแก้ฟรี 2 ครั้ง , ใช้ไป 2 ,เหลือ 0 -ระบบ disable ปุ่ม ส่ง Draft แล้ว , ส่งงานแก้ -ระบบแสดงวันที่ปัจจุบันที่ทำการกดปุ่มส่ง draft แล้ว ถูกต้อง -ระบบแสดง วันนัดส่งรอบถัดไป > (Current date 3 วัน) ถูกต้อง -แสดงปุ่ม "ลบ" | F86: Positive | G86: High | L86: Not Start
A87: ="TC_Creator_Dee_"&(ROW()-ROW($A$12)+1-5) -> TC_Creator_Dee_71 | B87: ตรวจสอบ : แบรนด์มีรอบแก้ฟรี 2 รอบ กรณีทำการขอแก้รอบที่ 3 กดปุ่ม และกดส่งงานแก้แล้ว ระบบแสดงหน้าจอถูกต้อง เงื่อนไข -กรอกข้อมูลรายละเอียดที่แบรนด์ขอแก้ -✅ นับเป็นรอบแก้ -ไม่กรอก : นัดส่ง draft แก้รอบถัดไป -กด: ส่ง Drft แล้ว -กด :ส่งงานแก้แล้ว | E87: -ระบบแสดงรายการ บันทึกงาน : แบรนด์ขอแก้ แล้วถูกต้อง -เกินรอบฟรีที่ตกลงไว้ (2 รอบ) — คุยขอบเขตหรือค่าแก้เพิ่มกับแบรนด์ได้ -ระบบแสดงรอบรอบแก้ฟรี 2 , ใช้ไป 3 , เหลือ -1 -ระบบ disable ปุ่ม ส่ง Draft แล้ว , ส่งงานแก้ -ระบบแสดงวันที่ปัจจุบันที่ทำการกดปุ่มส่ง draft แล้ว ถูกต้อง -แสดงปุ่ม "ลบ" | F87: Negative | G87: High | L87: Not Start
A88: ="TC_Creator_Dee_"&(ROW()-ROW($A$12)+1-5) -> TC_Creator_Dee_72 | B88: ตรวจสอบ : หลังจากแบรนด์มีแก้ฟรีเกิน 2 รอบ กรณี User ทำการกดปุ่ม : งานผ่านแล้ว ระบบแสดงหน้าจอถูกต้อง เงื่อนไข -กด: งานผ่านแล้ว | E88: -ระบบแสดงรายการ บันทึกงาน : แบรนด์ขอแก้ แล้วถูกต้อง -ระบบแสดงรอบรอบแก้ฟรี 2 , ใช้ไป 3 , เหลือ -1 -ระบบ disable ปุ่ม ส่ง Draft แล้ว , งานผ่านแล้ว -ระบบแสดงวันที่ปัจจุบันที่ทำการกดปุ่มส่ง draft แล้ว ถูกต้อง -แสดงปุ่ม "ลบ" | F88: Positive | G88: Low | L88: Not Start
A89: ="TC_Creator_Dee_"&(ROW()-ROW($A$12)+1-5) -> TC_Creator_Dee_73 | B89: ตรวจสอบ : กรณี User กดปุ่ม "ลบ" รายการ "ส่งงานแก้ รอบ 3" ระบบแสดง error ถูกต้อง เงื่อนไข -กดปุ่ม : "ลบ" -ระบบ popup : ลบรายการนี้ -กดปุ่ม : "ลบ" | E89: -รายการ ส่งงานแก้ รอบ 3 หายไปจากรายการ บันทึกงาน -ระบบแสดงรอบรอบแก้ฟรี 2 , ใช้ไป 3 , เหลือ -1 -ระบบ disable ปุ่ม ส่ง Draft แล้ว , งานผ่านแล้ว -ระบบแสดงวันที่ปัจจุบันที่ทำการกดปุ่มส่ง draft แล้ว ถูกต้อง -แสดงปุ่ม "ลบ" | F89: Positive | G89: Medium | L89: Not Start
A90: งวดเงิน
A91: ="TC_Creator_Dee_"&(ROW()-ROW($A$12)+1-5) -> TC_Creator_Dee_75 | B91: ตรวจสอบเมนู : มูลค่าดีล ฿20,000 กรณี ทำการ + เพิ่มงวดที่ 1 โดยระบบวันครบ < = (Current date 3 วัน) ระบบแสดงหน้าจอถูกต้อง เงื่อนไข - กด icon : แก้ไข - กด : "งวดเงิน" -ชื่องวด : งวดที่ 1 -จำนวน : 10,000 B. -กำหนดชำระ : < = (Current date 3 วัน) -กด : บันทึก | E91: -ระบบแสดง งวดการจ่าย -ระบบแสดงงวดที่ 1 · -ระบบแสดงจำนวนยอดที่ต้องจ่าย 10,000 B. ถูกต้อง -ระบบแสดงวันครบกำหนดจ่ายถูกต้อง -ระบบแสดง ปุ่ม รับเงิน / ลบ | F91: Positive | G91: Medium | L91: Not Start
A92: ="TC_Creator_Dee_"&(ROW()-ROW($A$12)+1-5) -> TC_Creator_Dee_76 | B92: ตรวจสอบ : มูลค่าดีล ฿20,000 กรณี ทำการ + เพิ่มงวดที่ 2 โดยระบบวันครบ < = (Current date 3 วัน) ระบบแสดงหน้าจอถูกต้อง เงื่อนไข -ชื่องวด : งวดที่ 2 -จำนวน : 10,000 B. -กำหนดชำระ : < = (Current date 3 วัน) -กด : บันทึก | E92: -ระบบแสดง งวดการจ่าย -ระบบแสดงงวดที่ 2 · -ระบบแสดงจำนวนยอดที่ต้องจ่าย 10,000 B. ถูกต้อง -ระบบแสดงวันครบกำหนดจ่ายถูกต้อง -ระบบแสดง ปุ่ม รับเงิน / ลบ | F92: Positive | G92: Medium | L92: Not Start
A93: ="TC_Creator_Dee_"&(ROW()-ROW($A$12)+1-5) -> TC_Creator_Dee_77 | B93: ตรวจสอบ : กรณี User กด รับเงิน "งวดที่ 1" โดยรับเงิน รับบางส่วน (มัดจำ) 10,000 B. และหักภาษี 3 % ระบบแสดงหน้าจอถูกต้อง เงื่อนไข -เลือกรับเงินบางส่วน : 10,000 B. -แบรนด์หักภาษี ณ 3% : 300 B. -เงินเข้าบัญชีจริง : 9,700 B. -วันที่รับเงิน : = Current date - ✅ ได้รับ 50 ทวิ - กดปุ่ม : บันทึกรับเงิน | E93: หน้ารับเงินงวดนี้ -ระบบแสดง popup ออกใบเสร็จ? บันทึกรับเงินแล้ว — ออกใบเสร็จรับเงิน ฿10000 ให้แบรนด์เลยไหม? -ปุ่ม : ยกเลิก , ออกใบเสร็จ หน้าเอกสาร -ระบบแสดงใบเสร็จรับเงิน -เลขที่: RC-XXXX-XXX เลขรันตลอด -ระบบแสดงข้อมูลไฟล์ผู้ขาย (จากโปรไฟล์) -ระบบแสดงข้อมูลลูกค้า -วันที่ออก / วันที่ครบกำหนด -ระบบแสดงรายการ ราคารวมก่อน VAT / ภาษีหัก ณ ที่จ่าย / ยอดชำระทั้งสิ้น ถูกต้อง -กดออกใบเสร็จ หน้าหลัก -แสดงรายการดีลสถานะ : รอจ่าย -แสดงราคา 20,000 รับแล้ว ฿10,000 · ค้าง ฿10,000 | F93: Positive | G93: High | L93: Not Start
A94: ="TC_Creator_Dee_"&(ROW()-ROW($A$12)+1-5) -> TC_Creator_Dee_78 | B94: ตรวจสอบ : กรณี User กด รับเงิน "งวดที่ 2" โดยรับเงิน รับเต็มยอด ฿10,000 และไม่หักภาษี ระบบแสดงหน้าจอถูกต้อง เงื่อนไข -เลือกรับเงินบางส่วน : 10,000 B. -เงินเข้าบัญชีจริง :10,000 B. -วันที่รับเงิน : = Current date - กดปุ่ม : บันทึกรับเงิน | E94: หน้ารับเงินงวดนี้ -ระบบแสดง popup ออกใบเสร็จ? บันทึกรับเงินแล้ว — ออกใบเสร็จรับเงิน ฿10000 ให้แบรนด์เลยไหม? -ปุ่ม : ยกเลิก , ออกใบเสร็จ หน้าเอกสาร -ระบบแสดงใบเสร็จรับเงิน -เลขที่: RC-XXXX-XXX เลขรันตลอด -ระบบแสดงข้อมูลไฟล์ผู้ขาย (จากโปรไฟล์) -ระบบแสดงข้อมูลลูกค้า -วันที่ออก / วันที่ครบกำหนด -ระบบแสดงรายการ ราคารวมก่อน VAT / ภาษีหัก ณ ที่จ่าย / ยอดชำระทั้งสิ้น ถูกต้อง -กดออกใบเสร็จ หน้าหลัก -แสดงรายการดีลสถานะ : จ่ายแล้ว | F94: Positive | G94: High | L94: Not Start
A95: ="TC_Creator_Dee_"&(ROW()-ROW($A$12)+1-5) -> TC_Creator_Dee_79 | B95: ตรวจสอบ : กรณี User กด รับเงิน "งวดที่ 1" โดยรับเงิน ระบุยอดเอง ฿3,800 กรณี อัตรา (%) = 3 % ระบบแสดงหน้าจอถูกต้อง เงื่อนไข -เลือกระบุยอดเอง : 3,800 B. -ระบุอัตรา (%) = 3 % -วันที่รับเงิน : = Current date - ✅ ได้รับ 50 ทวิ - กดปุ่ม : บันทึกรับเงิน | E95: หน้ารับเงินงวดนี้ -ระบบแสดง popup ออกใบเสร็จ? บันทึกรับเงินแล้ว — ออกใบเสร็จรับเงิน ฿10000 ให้แบรนด์เลยไหม? -ปุ่ม : ยกเลิก , ออกใบเสร็จ หน้าเอกสาร -ระบบแสดงใบเสร็จรับเงิน -เลขที่: RC-XXXX-XXX เลขรันตลอด -ระบบแสดงข้อมูลไฟล์ผู้ขาย (จากโปรไฟล์) -ระบบแสดงข้อมูลลูกค้า -วันที่ออก / วันที่ครบกำหนด -ระบบแสดงรายการ ราคารวมก่อน VAT / ภาษีหัก ณ ที่จ่าย / ยอดชำระทั้งสิ้น ถูกต้อง -กดออกใบเสร็จ หน้าหลัก -แสดงรายการดีลสถานะ : จ่ายแล้ว | F95: Positive | G95: High | L95: Not Start
A96: ="TC_Creator_Dee_"&(ROW()-ROW($A$12)+1-5) -> TC_Creator_Dee_80 | B96: ตรวจสอบเมนู : กรณีกด "เพิ่มงวด"กรอกข้อมูล Filed : ชื่องวด "อักขระพิเศษ" ระบบแสดงหน้าจอถูกต้อง เงื่อนไข - กด "เพิ่มงวด" - Field กำหนดชำระ : วัน/เดือน/ปี "อักขระพิเศษ" | E96: หน้ารับเงินงวดนี้ -ระบบแสดง popup ออกใบเสร็จ? บันทึกรับเงินแล้ว — ออกใบเสร็จรับเงิน ฿10000 ให้แบรนด์เลยไหม? -ปุ่ม : ยกเลิก , ออกใบเสร็จ หน้าเอกสาร -ระบบแสดงใบเสร็จรับเงิน -เลขที่: RC-XXXX-XXX เลขรันตลอด -ระบบแสดงข้อมูลไฟล์ผู้ขาย (จากโปรไฟล์) -ระบบแสดงข้อมูลลูกค้า -วันที่ออก / วันที่ครบกำหนด -ระบบแสดงรายการ ราคารวมก่อน VAT / ภาษีหัก ณ ที่จ่าย / ยอดชำระทั้งสิ้น ถูกต้อง -กดออกใบเสร็จ หน้าหลัก -แสดงรายการดีลสถานะ : จ่ายแล้ว -แสดงราคา 20,000 | F96: Positive | G96: High | L96: Not Start
A97: ="TC_Creator_Dee_"&(ROW()-ROW($A$12)+1-5) -> TC_Creator_Dee_81 | B97: ตรวจสอบ: กรณีกดปุ่ม "ลบ" งวดการจ่าย งวดที่ 2 ระบบแสดง error สอบถามถูกต้อง เงื่อนไข - กด : ลบรายการงวดที่มีอยุ่ - กด ลบ ใน popup | E97: -ระบบแสดง error popup : ลบงวด ลบงวดนี้? -แสดงปุ่ม : ยกเลิก -แสดงปุ่ม : ลบ - หลังกดปุ่ม ลบ งวดการจ่ายที่ลบออกไปไม่แสดงที่หน้า งวดเงิน | F97: Positive | G97: Medium | L97: Not Start
A98: เอกสาร
A99: ="TC_Creator_Dee_"&(ROW()-ROW($A$12)+1-5) -> TC_Creator_Dee_83 | B99: ตรวจสอบเมนู : "เอกสาร" กรณีกดปุ่ม "+แนบเอกสาร (PDF/JPG/PNG)" และทำการแนบเอกสารจนสำเร็จ ระบแสดงหน้าจอถูกต้อง | E99: -ระบบแสดงไฟล์สัญญา : RC-XXXX-XXX.pdf -แสดงปุ่ม : ดาวน์โหลด -แสดงปุ่ม : ลบ | F99: Positive | G99: High | L99: Not Start
A100: ="TC_Creator_Dee_"&(ROW()-ROW($A$12)+1-5) -> TC_Creator_Dee_84 | B100: ตรวจสอบเมนู : "เอกสาร" กรณีกดปุ่ม : "download" เอกสาร (PDF/JPG/PNG) ระบแสดงหน้าจอถูกต้อง | E100: -ระบบดาวน์โหลดเอกสารได้วำเร็จ -ไฟล์เอกสารแสดงรายละเอียด ใบเสร็จรับเงิน ถูกต้อง | F100: Positive | G100: High | L100: Not Start
A101: ="TC_Creator_Dee_"&(ROW()-ROW($A$12)+1-5) -> TC_Creator_Dee_85 | B101: ตรวจสอบเมนู : "เอกสาร" กรณีกดปุ่ม "+แนบเอกสารหลายไฟล์ใน 1 ดีล" ระบแสดงหน้าจอถูกต้อง | E101: -ระบบสามารถแนบเอกสารหลายไฟล์ได้สำเร็จและ แสดงชื่อไฟล์สัญญา : RC-XXXX-XXX.pdf ทั้งหมดถูกต้อง -แสดงปุ่ม : ดาวน์โหลด -แสดงปุ่ม : ลบ | F101: Positive | G101: High | L101: Not Start
A102: ="TC_Creator_Dee_"&(ROW()-ROW($A$12)+1-5) -> TC_Creator_Dee_86 | B102: ตรวจสอบเมนู : "เอกสาร" "ลบไฟล์แนบ ในกรณีที่มี 1 ไฟล์" ระบแสดงหน้าจอถูกต้อง | E102: ระบบแสดง popup ลบไฟล์ : ลบไฟล์นี้? -แสดงปุ่ม : ยกเลิก -แสดงปุ่ม : ลบ -หลังจากกดปุ่ม : ลบ ระบบแสดง "ยังไม่มีไฟล์" | F102: Positive | G102: High | L102: Not Start
A103: ="TC_Creator_Dee_"&(ROW()-ROW($A$12)+1-5) -> TC_Creator_Dee_87 | B103: ตรวจสอบเมนู : "เอกสาร" กรณี "ลบไฟล์แนบ ในกรณีที่มี >1 ไฟล์" ระบแสดงหน้าจอถูกต้อง | E103: ระบบแสดง popup ลบไฟล์ : ลบไฟล์นี้? -แสดงปุ่ม : ยกเลิก -แสดงปุ่ม : ลบ -หลังจากกดปุ่ม : ลบ ระบบแสดงไฟล์สัญญาที่ยังเหลืออยู่ในดีล | F103: Positive | G103: High | L103: Not Start
A104: ="TC_Creator_Dee_"&(ROW()-ROW($A$12)+1-5) -> TC_Creator_Dee_88 | B104: ตรวจสอบเมนู : "เอกสาร" กดปุ่ม "+แนบเอกสาร (PDF/JPG/PNG)" กรณี แนบไฟล์ผิดประเภท (Excel) ระบแสดงหน้าจอถูกต้อง | E104: ไม่สามารถกดเลือกไฟล์ที่ไม่ใช่ (PDF/JPG/PNG) ได้ตั้งแต่แรก | F104: Positive | G104: High | H104: แยกปุ่มออกมาข้างนอก | L104: Not Start
A105: ="TC_Creator_Dee_"&(ROW()-ROW($A$12)+1-5) -> TC_Creator_Dee_89 | B105: ตรวจสอบเมนู : "เอกสาร" กดปุ่ม "+แนบเอกสาร (PDF/JPG/PNG)" กรณี แนบไฟล์ขนาดใหญ่เกินกำหนด ระบแสดงหน้าจอถูกต้อง | E105: ไม่สามารถกดเลือกไฟล์ที่ไม่ใช่ (PDF/JPG/PNG) ได้ตั้งแต่แรก | F105: Positive | G105: High | L105: Not Start
A106: ="TC_Creator_Dee_"&(ROW()-ROW($A$12)+1-5) -> TC_Creator_Dee_90 | B106: ตรวจสอบเมนู : "เอกสาร" กรณี กดปุ่ม "+ใบเสนอราคา" ระบแสดงหน้าจอถูกต้อง | E106: -ระบบแสดงใบเสนอราคา -ประเภท:ใบเสนอราคา เลขที่: QT-2569-007 * ใบกำกับภาษีออกได้เมื่อจดทะเบียน VAT — เปิดที่โปรไฟล์ธุรกิจ -ข้อมูลผู้ขาย (จากโปรไฟล์) -ข้อมูลลูกค้า -วันที่ออก -วันที่ครบกำหนด -แสดงรายละเอียด รายการสินค้า/บริการ -แสดงปุ่ม : ยกเลิก -แสดงปุ่ม :ออกเอกสาร | F106: Positive | G106: High | L106: Not Start
...

Sheet เอกสาร
B1: =HYPERLINK("#Document!A1", "Refer to sheet Document") -> Refer to sheet Document
A3: Total TC. | B3: =COUNTIF(A13:A217,"TC_*") -> 189
A4: Test Cases ID | B4: Test Case Description | C4: Pre-Conditions | D4: Test Step | E4: Expected Result | F4: Positive/Negative | G4: Priority | H4: Test Data | I4: Tester | J4: Execution Plan | K4: Execution date | L4: Test Result | M4: Remark
A10: Scenario : Case validations : เมนู "ใบเสนอราคา"
A11: Scenario : Case validations : เมนู "หลัก"
A12: ="TC_Creator_Dee_"&(ROW()-ROW($A$12)+1) -> TC_Creator_Dee_1 | B12: ตรวจสอบเมนู : หน้าหลัก กรณี : บัญชีที่ยังไม่มีข้อมูลดีลเลย ระบบแสดงตัวเลข 0 ในทุกกล่อง summary ระบบแสเดงหน้าจอถูกต้อง เงื่อนไข -กดเมนู : หน้าหลัก (บัญชีใหม่ ไม่มีดีล) | E12: -ระบบแสดงหน้า หลัก โดยยังไม่มีรายการ ดีล - ระบบแสดงตัวเลข 0 ในกล่อง summar รายได้เดือนนี้ / เงินค้าง / ดีลที่กำลังทำอยู่ | F12: Positive | G12: Medium | L12: Not Start
A13: ="TC_Creator_Dee_"&(ROW()-ROW($A$12)+1) -> TC_Creator_Dee_2 | B13: ตรวจสอบเมนู : หน้าหลัก กรณี : กด กล่อง summary "รายได้เดือนนี้" ระบบแสดงหน้าจอถูกต้อง (ยอดรวมดีลที่กดรับเงินแล้วในเดือนปัจจุบัน) เงื่อนไข -กดเมนู : หน้าหลัก -กด : "รายได้เดือนนี้" | E13: - ระบบแสดงพาไปหน้า สรุปการเงิน แสดงรายละเอียดถูกต้อง - ระบบแสดงกล่อง ยอดเงินเข้าจริง (หลังหัก ณ ที่จ่าย)/ ยอดเงินค้างรับรวม /หัก ณ ที่จ่ายสะสม - ระบบแสดง เครื่องมือภาษี ใบ 50 ทวิ/ รายจ่าย / เตรียมยื่นภาษี | F13: Positive | G13: Medium | L13: Not Start
A14: ="TC_Creator_Dee_"&(ROW()-ROW($A$12)+1) -> TC_Creator_Dee_3 | B14: ตรวจสอบเมนู : หน้าหลัก กรณี : กดกล่อง summary "เงินค้างรับ" ระบบแสดงหน้าจอถูกต้อง (ยอดรวมดีลสถานะรอรับเงินทั้งหมด) เงื่อนไข -กดเมนู : หน้าหลัก -กด : "เงินค้างรับ" | C14: Pre-Conditions | E14: - ระบบแสดงพาไปหน้า ดีล แสดงรายละเอียดถูกต้อง - ระบบแสดงรายการ ดีล สถานะ "รอจ่าย" ของแต่ละเดือน | F14: Positive | G14: Medium | L14: Not Start
A15: ="TC_Creator_Dee_"&(ROW()-ROW($A$12)+1) -> TC_Creator_Dee_4 | B15: ตรวจสอบเมนู : หน้าหลัก กรณี : กดกล่อง summary "ดีลที่กำลังทำ" ระบบแสดงจำนวนดีลในสถานะกำลังทำงานถูกต้อง เงื่อนไข -กดเมนู : หน้าหลัก -กด : "ดีลที่กำลังทำ" | C15: Pre-Conditions | E15: - ระบบแสดงพาไปหน้า ดีลทั้งหมดที่แสดงรายละเอียดถูกต้อง | F15: Positive | G15: Medium | L15: Not Start
A16: ="TC_Creator_Dee_"&(ROW()-ROW($A$12)+1) -> TC_Creator_Dee_5 | B16: ตรวจสอบเมนู : หน้าหลัก สิ่งที่ควรจัดการ กรณี มีรายการ ดีล > 3 รายการ โดยมีมรายละเอียดดังนี้ ระบบแสดงหน้าจอถูกต้อง เงื่อนไข -กดเมนู : หน้าหลัก -มีรายการ ดีล : ใกล้ / เลยนัดส่งสคริป์ต 1 รายการ -มีรายการ ดีล : ใกล้ / เลย นัดส่ง draft > 1 รายการ -มีรายการ ดีล : อยู่ในช่วง เตือน Exclusivity 2 รายการ -มีรายการ ดีล : จ่ายเงินแล้ว แต่ยังไม่ออกเอกสาร | E16: - ระบบแสดงรายการ ดีล แต่ละหัวข้อได้ถูกต้อง | F16: Positive | G16: Medium | L16: Not Start
A17: ="TC_Creator_Dee_"&(ROW()-ROW($A$12)+1) -> TC_Creator_Dee_6 | B17: ตรวจสอบเมนู : หน้าหลัก มีรายการ "สิ่งที่ควรจัดการ" สถานะ "ด่วนมาก" กรณี กดที่ ปุ่ม : "ดูดีล" ระบบแสดงหน้าจอถูกต้อง เงื่อนไข -กดเมนู : หน้าหลัก -กดปุ่ม : ดูดีล | C17: Pre-Conditions | E17: -ระบบพาไปหน้าเมนู : ดีล แสดงรายละเอียด ดีล ทั้งหมดถูกต้อง | F17: Positive | G17: Medium | L17: Not Start
A18: ="TC_Creator_Dee_"&(ROW()-ROW($A$12)+1) -> TC_Creator_Dee_7 | B18: ตรวจสอบเมนู : หน้าหลัก มีรายการ "สิ่งที่ควรจัดการ" สถานะ "ด่วนมาก" กรณี กดที่ ปุ่ม : "เลื่อนเตือน อีก 3 วัน " ระบบแสดงหน้าจอถูกต้อง เงื่อนไข -กดเมนู : หน้าหลัก -กดปุ่ม :เลื่อนเตือน -popup : เลือก อีก 3 วัน -กดปุ่ม : เลื่อน | C18: Pre-Conditions | E18: -ระบบแสดง popup : เลื่อนเตือน "ซ่อนรายการนี้ไว้ก่อน แล้วเตือนอีกครั้งใน" -แสดงปุ่ม : ยกเลิก , เลื่อน - รายการ ดีล "ดีลด่วน" หายไปจากหน้า หลัก | F18: Positive | G18: Medium | H18: กางเคสระยะเวลาที่จะตกแต่ละสถานะ | L18: Not Start
A19: ="TC_Creator_Dee_"&(ROW()-ROW($A$12)+1) -> TC_Creator_Dee_8 | B19: ตรวจสอบเมนู : หน้าหลัก มีรายการ "สิ่งที่ควรจัดการ" สถานะ "ด่วนมาก" กรณี กดที่ ปุ่ม : "หลังคบกำหนด ลื่อนเตือน 3 วัน แล้ว " ระบบแสดงหน้าจอถูกต้อง เงื่อนไข -กดเมนู : หน้าหลัก | C19: Pre-Conditions | E19: -ระบบแสดง รายการ ดีล "ดีลด่วน" ที่เลื่อนเตือนไปแสดงรายการดีลถูกต้อง | F19: Positive | G19: Medium | L19: Not Start
A20: ="TC_Creator_Dee_"&(ROW()-ROW($A$12)+1) -> TC_Creator_Dee_9 | B20: ตรวจสอบเมนู : หน้าหลัก กรณี : มีดีลรับเงินคาบเกี่ยวช่วงเปลี่ยนเดือน (ปลายเดือน/ ต้นเดือนถัดไป) ระบบตัดยอด "รายได้เดือนนี้" ตามรอบเดือนปฏิทิน อิงเขตเวลาไทย (GMT+7) ถูกต้อง เงื่อนไข -มีดีลที่รับเงินวันสุดท้ายของเดือน และวันแรกของเดือนถัดไป -กดเมนู : หน้าหลัก | F20: Positive | G20: Medium | L20: Not Start
A21: ="TC_Creator_Dee_"&(ROW()-ROW($A$12)+1) -> TC_Creator_Dee_10 | B21: ตรวจสอบเมนู : หน้าหลัก มีรายการ "สิ่งที่ควรจัดการ" กรณี กดที่ ปุ่ม : "รับทราบ" ระบบแสดงหน้าจอถูกต้อง เงื่อนไข -กดเมนู : หน้าหลัก | C21: Pre-Conditions | E21: -ระบบแสดง รายการ ดีล "ดีลด่วน" ที่เลื่อนเตือนไปแสดงรายการดีลถูกต้อง | F21: Positive | G21: Medium | L21: Not Start
A22: Scenario : Case validations : เมนู "ดีล"
A23: บันทึกดีลเข้าระบบ
A24: ="TC_Creator_Dee_"&(ROW()-ROW($A$12)+1-2) -> TC_Creator_Dee_11 | B24: ตรวจสอบเมนู : ดีล กรณี "ยังไม่มีรายการดีล" ระบบและแสดงรายการทั้งหมดถูกต้อง เงื่อนไข - กดเมนู : ดีล | E24: -ระบบแสดงหน้า ดีล ถูกต้อง โดยแสดงช่อง คเนหาชื่อประเภทแบรน์ด / drop down ปี / drop down หมวดหมู่สิ้นค้า / drop down สถานะ - แสดงปุ่ม "ล้าง" -แสดงปุ่ม "Export" -แสดงปุ่ม "เพิ่มดิล" | F24: Positive | G24: High | L24: Not Start
A25: ="TC_Creator_Dee_"&(ROW()-ROW($A$12)+1-2) -> TC_Creator_Dee_12 | B25: ตรวจสอบเมนู : ดีล กรณี กดปุ่ม "เพิ่มดีล" User กรอกข้อมูลครบทุก Field และ ไม่กด "ช่วยคิดเรต" ระบบสร้างดีลสำเร็จ และแสดงรายการทั้งหมดถูกต้อง เงื่อนไข - กดเมนู : ดีล - กดปุ่ม : เพิ่มดีล - กรอกข้อมูลครบทุก Field : กด "เพิ่มดีล" | E25: -ระบบสร้างดีลสำเร็จรายการแสดงที่หน้า "ดีล" -ระบบแสดงสถานะ "ทาบทาม" ถูกต้อง | F25: Positive | G25: High | L25: Not Start
A26: ="TC_Creator_Dee_"&(ROW()-ROW($A$12)+1-2) -> TC_Creator_Dee_13 | B26: ตรวจสอบเมนู : ดีล กดปุ่ม "เพิ่มดีล" กรณี User ไม่กรอกชื่อแบรนด์ และกดปุ่ม "เพิ่มดีล" ระบบ error ถูกต้อง เงื่อนไข - Field ชื่อแบรนด์ : ไม่กรอกข้อมูล - กด "เพิ่มดีล" | C26: Pre-Conditions | E26: -ระบบแสดง error : " ใส่ชื่อแบรนด์" ใต้ Field ถูกต้อง | F26: Negative | G26: High | L26: Not Start
A27: ="TC_Creator_Dee_"&(ROW()-ROW($A$12)+1-2) -> TC_Creator_Dee_14 | B27: ตรวจสอบเมนู : ดีล กดปุ่ม "เพิ่มดีล" กรณี ไม่กรอกประเภทงาน และกดปุ่ม "เพิ่มดีล" ระบบ error ถูกต้อง เงื่อนไข - กดเมนู : ดีล - กดปุ่ม : เพิ่มดีล - Field ประเภทงาน : ไม่กรอกข้อมูล - กด "เพิ่มดีล" | C27: Pre-Conditions | E27: -ระบบแสดง error : " ใส่ประเภทงาน" ใต้ Field ถูกต้อง | F27: Negative | G27: High
A28: ="TC_Creator_Dee_"&(ROW()-ROW($A$12)+1-2) -> TC_Creator_Dee_15 | B28: ตรวจสอบเมนู : ดีล กดปุ่ม "เพิ่มดีล" กรณี ไม่กรอก Field "ข้อมูลผู้ติดต่อ /หมวดสินค้า" และกดปุ่ม "เพิ่มดีล" ระบบ error ถูกต้อง เงื่อนไข - กดเมนู : ดีล - กดปุ่ม : เพิ่มดีล - Field "ข้อมูลผู้ติดต่อ /หมวดสินค้า" : ไม่กรอก - กด "เพิ่มดีล" | C28: Pre-Conditions | E28: -ระบบสร้างดีลสำเร็จรายการแสดงที่หน้า "ดีล" -ระบบแสดงสถานะ "ทาบทาม" ถูกต้อง | F28: Negative | G28: High | L28: Not Start
A29: ="TC_Creator_Dee_"&(ROW()-ROW($A$12)+1-2) -> TC_Creator_Dee_16 | B29: ตรวจสอบเมนู : ดีล กดปุ่ม "เพิ่มดีล" กรณี User สร้างดีลชื่อแบรนด์ซ้ำ "เพิ่มดีล" ระบบ เงื่อนไข - กดเมนู : ดีล - กดปุ่ม : เพิ่มดีล - Field ชื่อแบรนด์ : กรอกชื่อแบรนด์ซ้ำ - กด "เพิ่มดีล" | E29: -ระบบสร้างดีลสำเร็จรายการแสดงที่หน้า "ดีล" -ระบบแสดงสถานะ "ทาบทาม" ถูกต้อง | F29: Positive | G29: Medium | H29: -ระบบสร้างชื่อแบร์นดซ้ำได้ | L29: Not Start
A30: ="TC_Creator_Dee_"&(ROW()-ROW($A$12)+1-2) -> TC_Creator_Dee_17 | B30: ตรวจสอบเมนู : ดีล กดปุ่ม "เพิ่มดีล" กรณี ปิดหน้า "เพิ่มดีล" กลางคันระหว่างกรอก ระบบแสดงหน้าจอถูกต้อง เงื่อนไข - กดเมนู : ดีล - กดปุ่ม : เพิ่มดีล - All field : กรอกข้อมูลครบทุก - กด : "X" | E30: -ระบบสร้างดีลไม่สำเร็จและไม่มีรายการใหม่แสดงที่หน้า "ดีล" | F30: Positive | G30: Medium | L30: Not Start
A31: ="TC_Creator_Dee_"&(ROW()-ROW($A$12)+1-2) -> TC_Creator_Dee_18 | B31: ตรวจสอบเมนู : ดีล กดปุ่ม "เพิ่มดีล" กรณีกรอกข้อมูล Field : ชื่อแบรนด์ * / ประเภทงาน * / ช่องทางที่ติดต่อ / ราคา (บาท) ครบถ้วน และกด เมนู "ช่วยคิดเรต" ระบบหน้าจอถูกต้อง เงื่อนไข - กดเมนู : ดีล - กดปุ่ม : เพิ่มดีล - All field : กรอกข้อมูลครบทุก - กด : "ช่วยคิดเรต" | E31: -ระบบพาไปหน้า "ประเมินราคางานที่ควรเสนอ" ถูกต้อง | F31: Positive | G31: Medium | L31: Not Start
A32: ="TC_Creator_Dee_"&(ROW()-ROW($A$12)+1-2) -> TC_Creator_Dee_19 | B32: ตรวจสอบเมนู : ดีล กดปุ่ม "เพิ่มดีล" กรณี ไม่กรอกข้อมูล Field ทั้งหมด และกดปุ่ม "ช่วยคิดเรต" ระบบหน้าจอถูกต้อง เงื่อนไข - All field : ไม่กรอกข้อมูล - กด : "ช่วยคิดเรต" | E32: -ระบบแสดง error : "กรอกจำนวนผู้ติดตาม หรือยอดวิวเฉลี่ยอย่างน้อยหนึ่งค่า" ถูกต้อง | F32: Negative | G32: High | L32: Not Start
A33: ="TC_Creator_Dee_"&(ROW()-ROW($A$12)+1-2) -> TC_Creator_Dee_20 | B33: ตรวจสอบเมนู : ดีล กดปุ่ม "เพิ่มดีล" กรณี : User มีการสร้างดีลโดยมีเพียง วันที่นัดส่งสคริปต์ให้แบรนด์รีวิว และยังห่างจากวันปัจจุบันเกิน 3 วัน เงื่อนไข - วันที่นัดส่งสคริปต์ให้แบรนด์รีวิว > (Current date + 3 วัน) | F33: Positive | G33: Medium | L33: Not Start | M33: TC_Calendar_2
A34: ="TC_Creator_Dee_"&(ROW()-ROW($A$12)+1-2) -> TC_Creator_Dee_21 | B34: ตรวจสอบเมนู : ดีล กดปุ่ม "เพิ่มดีล" กรณี : สร้างดีลโดยมีเพียง วันที่นัดส่งสคริปต์ให้แบรนด์รีวิว และเกือบจะถึง deadline แล้ว (<= 3 วัน) เงื่อนไข - วันที่นัดส่งสคริปต์ให้แบรนด์รีวิว <= (Current date + 3 วัน) แต่ไม่ต่ำกว่า Current Date | F34: Positive | G34: Medium | L34: Not Start | M34: TC_Calendar_3
A35: ="TC_Creator_Dee_"&(ROW()-ROW($A$12)+1-2) -> TC_Creator_Dee_22 | B35: ตรวจสอบเมนู : ดีล กดปุ่ม "เพิ่มดีล" กรณี : สร้างดีลโดยมีเพียง วันที่นัดส่งสคริปต์ให้แบรนด์รีวิว แต่เลย deadline แล้ว (< Current date) เงื่อนไข - วันที่นัดส่งสคริปต์ให้แบรนด์รีวิว < (Current date) | F35: Positive | G35: Medium | L35: Not Start | M35: TC_Calendar_4
A36: ="TC_Creator_Dee_"&(ROW()-ROW($A$12)+1-2) -> TC_Creator_Dee_23 | B36: ตรวจสอบเมนู : ดีล กดปุ่ม "เพิ่มดีล" กรณี : สร้างดีลโดยมีเพียง วันที่นัดส่ง draft / งาน และยังห่างจากวันปัจจุบันเกิน 3 วัน เงื่อนไข - วันที่นัดส่ง draft / งาน > (Current date + 3 วัน) | F36: Positive | G36: Medium | L36: Not Start | M36: TC_Calendar_5
A37: ="TC_Creator_Dee_"&(ROW()-ROW($A$12)+1-2) -> TC_Creator_Dee_24 | B37: ตรวจสอบเมนู : ดีล กดปุ่ม "เพิ่มดีล" กรณี : สร้างดีลโดยมีเพียง วันที่นัดส่ง draft / งาน และเกือบจะถึง deadline แล้ว (<= 3 วัน) - วันที่นัดส่ง draft / งาน <= (Current date + 3 วัน) แต่ไม่ต่ำกว่า Current Date | F37: Positive | G37: Medium | L37: Not Start | M37: TC_Calendar_6
A38: ="TC_Creator_Dee_"&(ROW()-ROW($A$12)+1-2) -> TC_Creator_Dee_25 | B38: ตรวจสอบเมนู : ดีล กดปุ่ม "เพิ่มดีล" กรณี : User มีการสร้างดีลโดยมีเพียง วันที่นัดส่ง draft / งาน แต่เลย deadline แล้ว (< Current date) - วันที่นัดส่ง draft / งาน < (Current date) | F38: Positive | G38: Medium | L38: Not Start | M38: TC_Calendar_7
A39: ="TC_Creator_Dee_"&(ROW()-ROW($A$12)+1-2) -> TC_Creator_Dee_26 | B39: ตรวจสอบเมนู : ดีล กดปุ่ม "เพิ่มดีล" กรณี : User มีการสร้างดีลโดยมีเพียง วันลงงาน / เผยแพร่ และยังห่างจากวันปัจจุบันเกิน 3 วัน - วันที่นัดส่ง draft / งาน > (Current date + 3 วัน) | F39: Positive | G39: Medium | L39: Not Start | M39: TC_Calendar_8
A40: ="TC_Creator_Dee_"&(ROW()-ROW($A$12)+1-2) -> TC_Creator_Dee_27 | B40: ตรวจสอบเมนู : ดีล กดปุ่ม "เพิ่มดีล" กรณี : User มีการสร้างดีลโดยมีเพียง วันลงงาน / เผยแพร่ และเกือบจะถึง deadline แล้ว (<= 3 วัน) - วันลงงาน / เผยแพร่ <= (Current date + 3 วัน) แต่ไม่ต่ำกว่า Current Date | F40: Positive | G40: Medium | L40: Not Start | M40: TC_Calendar_9
A41: ="TC_Creator_Dee_"&(ROW()-ROW($A$12)+1-2) -> TC_Creator_Dee_28 | B41: ตรวจสอบเมนู : ดีล กดปุ่ม "เพิ่มดีล" กรณี : User มีการสร้างดีลโดยมีเพียง วันลงงาน / เผยแพร่ แต่เลย deadline แล้ว (< Current date) - วันลงงาน / เผยแพร่ < (Current date) | F41: Positive | G41: Medium | L41: Not Start | M41: TC_Calendar_10
A42: ="TC_Creator_Dee_"&(ROW()-ROW($A$12)+1-2) -> TC_Creator_Dee_29 | B42: ตรวจสอบเมนู : ดีล Field "วันที่นัดส่งสคริปต์ให้แบรนด์รีวิว" เกรณี กรอกข้อมูล "ปีย้อนหลัง" และกดปุ่ม "เพิ่มดิล" ระบบแสดงหน้าจอถูกต้อง เงื่อนไข -Field วันที่นัดส่งสคริปต์ให้แบรนด์รีวิว : ปี (2568) | E42: -ระบบสร้างดีลสำเร็จรายการแสดงที่หน้า "ดีล" -ระบบแสดงสถานะ "ทาบทาม" ถูกต้อง | F42: Negative | G42: High | L42: Not Start
A43: ="TC_Creator_Dee_"&(ROW()-ROW($A$12)+1-2) -> TC_Creator_Dee_30 | B43: ตรวจสอบเมนู : ดีล กดปุ่ม "เพิ่มดีล" Field "วันที่นัดส่ง draft / งาน" กรณี กรอกข้อมูล "เดือนไม่ใช่เดือนปุจจุบัน" และกดปุ่ม "เพิ่มดิล" ระบบแสดงหน้าจอถูกต้อง เงื่อนไข -Field วันที่นัดส่ง draft / งาน : เดือนไม่ใช่เดือนปุจจุบัน | E43: -ระบบสร้างดีลสำเร็จรายการแสดงที่หน้า "ดีล" -ระบบแสดงสถานะ "ทาบทาม" ถูกต้อง | F43: Negative | G43: High | L43: Not Start
A44: ="TC_Creator_Dee_"&(ROW()-ROW($A$12)+1-2) -> TC_Creator_Dee_31 | B44: ตรวจสอบเมนู : ดีล กดปุ่ม "เพิ่มดีล" กำหนดการ & การจ่ายเงิน Field "วันลงงาน / เผยแพร่" กรณี กรอกข้อมูล "วันที่ย้อนหลัง" "เพิ่มดิล" ระบบแสดงหน้าจอถูกต้อง เงื่อนไข -Field วันลงงาน / เผยแพร่ :"วันที่ย้อนหลัง" | E44: -ระบบสร้างดีลสำเร็จรายการแสดงที่หน้า "ดีล" -ระบบแสดงสถานะ "ทาบทาม" ถูกต้อง | F44: Negative | G44: High | L44: Not Start
A45: ="TC_Creator_Dee_"&(ROW()-ROW($A$12)+1-2) -> TC_Creator_Dee_32 | B45: ตรวจสอบเมนู : ดีล กดปุ่ม "เพิ่มดีล" กำหนดการ & การจ่ายเงิน Field "กำหนดจ่ายเงิน" กรณี กรอกข้อมูล "ปีย้อนหลัง" และกดปุ่ม "เพิ่มดิล"ระบบแสดงหน้าจอถูกต้อง เงื่อนไข -Field "กำหนดจ่ายเงิน" : วันที่/เดือน/ ปี ย้อนหลัง | E45: -ระบบสร้างดีลสำเร็จรายการแสดงที่หน้า "ดีล" -ระบบแสดงสถานะ "ทาบทาม" ถูกต้อง | F45: Negative | G45: High | L45: Not Start
A46: ="TC_Creator_Dee_"&(ROW()-ROW($A$12)+1-2) -> TC_Creator_Dee_33 | B46: ตรวจสอบเมนู : เพิ่มดีล และ กดปุ่ม "ช่วยคิดเรต" กรณี กรอกยอด Engagement ทั้งหมด แล้วกด "คำนวณเรต"ระบบแสดงหน้าจอถูกต้อง เงื่อนไข - กด : ช่วยคิดเรต - Field ไลก์ : 5,000 - Field คอมเมนต์ : 100 - Field เซฟ : 1,000 - Filed แชร์ : 550 - กดปุ่ม : "คำนวณเรต" | E46: -ระบบคำนวณคิดเรตงานจากยอด Engagement ได้ถูกต้อง -ระบบแสดงยอด ราคาที่แนะนำ 3 ราคามาให้เลือก : Low/Market / Premium | F46: Positive | G46: High | L46: Not Start
A47: ="TC_Creator_Dee_"&(ROW()-ROW($A$12)+1-2) -> TC_Creator_Dee_34 | B47: ตรวจสอบเมนู : ดีล กดปุ่ม "ช่วยคิดเรต" กรณี แก้ไข ยอดไลก์ = 20,000 แล้วกด "คำนวณเรต" อีกครั้ง ระบบแสดงหน้าจอถูกต้อง เงื่อนไข - กด : ช่วยคิดเรต - Field ไลก์ : 20,000 - กดปุ่ม : "คำนวณเรต" FYI : ใช้ข้อมูลจากข้อ 32 | E47: -ระบบคำนวณคิดเรตราคาแนะนำให้ใหม่ได้ถูกต้อง จากยอด Engagement ที่แก้ไขไป -ระบบแสดงยอด ราคาที่แนะนำ 3 ราคามาให้เลือก : Low/Market / Premium | F47: Positive | G47: High | L47: Not Start
A48: ="TC_Creator_Dee_"&(ROW()-ROW($A$12)+1-2) -> TC_Creator_Dee_35 | B48: ตรวจสอบเมนู : ดีล กดปุ่ม "ช่วยคิดเรต Field : ผู้ติดตาม / ยอดวิวเฉลี่ย/คลิป กรณี "ไม่กรอกข้อมูล" คำนวณเรต" อีกครั้ง ระบบแสดงหน้าจอถูกต้อง เงื่อนไข - กด : ช่วยคิดเรต - Field : Field : ผู้ติดตาม / ยอดวิวเฉลี่ย/คลิป กรณี : "ไม่กรอกข้อมูล" - กดปุ่ม : "คำนวณเรต" FYI : ใช้ข้อมูลจากข้อ 33 | F48: Positive | G48: High | L48: Not Start
A49: ="TC_Creator_Dee_"&(ROW()-ROW($A$12)+1-2) -> TC_Creator_Dee_36 | B49: ตรวจสอบเมนู : ดีล กดปุ่ม "ช่วยคิดเรต Field : ผู้ติดตาม / ยอดวิวเฉลี่ย/คลิป กรณี "กรอกข้อมูล" แต่ไม่กรอก ข้อมูล "Engagement ทั้งหมด" และ กด "คำนวณเรต" อีกครั้ง ระบบแสดงหน้าจอถูกต้อง เงื่อนไข - กด : ช่วยคิดเรต - Field : Field : ผู้ติดตาม / ยอดวิวเฉลี่ย/คลิป กรณี : "กรอกข้อมูล" - All Field Engagement : ไม่กรอกข้อมูล - กดปุ่ม : "คำนวณเรต" FYI : ใช้ข้อมูลจากข้อ 33 | F49: Positive | G49: High | L49: Not Start
A50: ="TC_Creator_Dee_"&(ROW()-ROW($A$12)+1-2) -> TC_Creator_Dee_37 | B50: ตรวจสอบเมนู : ดีล กดปุ่ม "ช่วยคิดเรต" กรณี ไม่กรอกยอด Engagement ทั้งหมด แล้วกด "คำนวณเรต"ระบบแสดงหน้าจอถูกต้อง เงื่อนไข - กด : ช่วยคิดเรต - All Field : ไม่กรอกข้อมูล - กดปุ่ม : "คำนวณเรต" | E50: -ระบบแสดง error "กรอกจำนวนผู้ติดตาม หรือยอดวิวเฉลี่ยอย่างน้อยหนึ่งค่า" | F50: Negative | G50: Low | L50: Not Start
A51: ค้นหา / กรอง / ดูภาพรวมดีล
A52: ="TC_Creator_Dee_"&(ROW()-ROW($A$12)+1-3) -> TC_Creator_Dee_38 | B52: ตรวจสอบเมนู : ดีล "ค้นหาด้วยชื่อแบรนด์ " กรณี มีการเพิ่มดีล "Adidas" ก่อนหน้า แสดงรายการทั้งหมดถูกต้อง เงื่อนไข - ค้นหาด้วยชื่อแบรนด์ : Adidas | E52: -ระบบสร้างดีลสำเร็จรายการแสดงที่หน้า "ดีล" ถูกต้อง | F52: Positive | G52: Medium | L52: Not Start
A53: ="TC_Creator_Dee_"&(ROW()-ROW($A$12)+1-3) -> TC_Creator_Dee_39 | B53: ตรวจสอบเมนู : ดีล กรณี "กรองสถานะดีลหลายตัวกรองพร้อมกัน" โดยมีรายละเอียดดังนี้ แสดงรายการทั้งหมดถูกต้อง เงื่อนไข - drop down ปี : 2568 - drop down สถานะ : จ่ายเงินแล้ว - drop down หมวดหมู่ : อาหาร / แฟชั่น | E53: -ระบบแสดงรายการ "ดีล" ถูกต้อง รายการที่ตัวเลือกคัดกรอง | F53: Positive | G53: Medium | L53: Not Start
A54: ="TC_Creator_Dee_"&(ROW()-ROW($A$12)+1-3) -> TC_Creator_Dee_40 | B54: ตรวจสอบเมนู : ดีล กรณี กรองจากหมวดหมู "ทุกหมวด" ระบบแสดงรายการทั้งหมดถูกต้อง เงื่อนไข - drop down หมวดหมู่ : เลือกทุกหมวหมู่ | E54: -ระบบแสดงรายการ "ดีล" ถูกต้อง รายการที่ตัวเลือกคัดกรอง | F54: Positive | G54: Medium | L54: Not Start
A55: ="TC_Creator_Dee_"&(ROW()-ROW($A$12)+1-3) -> TC_Creator_Dee_41 | B55: ตรวจสอบเมนู : ดีล กรณี กรองจากหมวด "แกดเจ็ต/ไอที" ระบบแสดงรายการทั้งหมดถูกต้อง เงื่อนไข - drop down หมวดหมู่ : แกดเจ็ต/ไอที | E55: -ระบบแสดงรายการ "ดีล" ถูกต้อง รายการที่ตัวเลือกคัดกรอง | F55: Positive | G55: Low | L55: Not Start
A56: ="TC_Creator_Dee_"&(ROW()-ROW($A$12)+1-3) -> TC_Creator_Dee_42 | B56: ตรวจสอบเมนู : ดีล กรณี "ค้นหาชื่อที่ไม่มีในระบบ" ระบบแสดงรายการทั้งหมดถูกต้อง เงื่อนไข - ช่องค้นหา : รายการดีลที่ไม่มีในระบบ | E56: -ระบบแสดงข้อความ "ยังไม่มีดีลที่ตรงเงื่อนไข — กด "เพิ่มดีล" เพื่อเริ่ม" | F56: Positive | G56: Medium | L56: Not Start
A57: ="TC_Creator_Dee_"&(ROW()-ROW($A$12)+1-3) -> TC_Creator_Dee_43 | B57: ตรวจสอบเมนู : ดีล กรณี "ค้นหาด้วยอักขระพิเศษ" และกดปุ่ม "ล้าง" ระบบแสดงรายการทั้งหมดถูกต้อง เงื่อนไข - ช่องค้นหา : *))$((##))@_%%#)# - กดปุ่ม "ล้าง" | E57: - ระบบแสดงข้อความ "ยังไม่มีดีลที่ตรงเงื่อนไข — กด "เพิ่มดีล" เพื่อเริ่ม" - เมื่อกดปุ่ม "ล้าง" ระบบแสดงรายการ ดีล ทั้งหมดที่มีอยู่ในระบบถูกต้อง | F57: Negative | G57: Low | L57: Not Start
A58: เตือน Exclusivity ชนกัน
A59: ="TC_Creator_Dee_"&(ROW()-ROW($A$12)+1-4) -> TC_Creator_Dee_44 | B59: ตรวจสอบเมนู : ดีล กดปุ่ม "เพิ่มดีล" ห้ามรับคู่แข่ง (Exclusivity) กรณี กรอกข้อมูล Field "ถึง" เป็น วันที่/เดือน / ปี ย้อนหลัง และกดปุ่ม "เพิ่มดิล" ระบบแสดงหน้าจอถูกต้อง เงื่อนไข - Field "ถึง" : วันที่/เดือน /ปี ย้อนหลัง | E59: -ระบบสร้างดีลสำเร็จรายการแสดงที่หน้า "ดีล" ถูกต้อง | F59: Negative | G59: Medium | L59: Not Start
A60: ="TC_Creator_Dee_"&(ROW()-ROW($A$12)+1-4) -> TC_Creator_Dee_45 | B60: ตรวจสอบเมนู : ดีล กดปุ่ม "เพิ่มดีล" ห้ามรับคู่แข่ง (Exclusivity) กรณี ดีลใหม่ชนกับดีลเดิม สกินแคร์ "ช่วง 1–30 มิ.ย. แบรนด์ A" ระบบ error ถูกต้อง เงื่อนไข -สร้างดีลใหม่หมวด "สกินแคร์" -วันลงงาน 15 มิ.ย. | E60: -ระบบเตือนทันทีตอนบันทึก ระบุดีลที่ชน หมวด และช่วงเวลาที่ทับกัน | F60: Negative | G60: Medium | L60: Not Start
A61: ="TC_Creator_Dee_"&(ROW()-ROW($A$12)+1-4) -> TC_Creator_Dee_46 | B61: ตรวจสอบเมนู : ดีล กดปุ่ม "เพิ่มดีล" ห้ามรับคู่แข่ง (Exclusivity) กรณี เป็นสินค้าคนละหมวดสินค้าแต่ช่วงเวลาทับกัน ระบบแสดงหน้าจอถูกต้อง เงื่อนไข -ดีลเดิมช่วง 1–15 มิ.ย. -ดีลใหม่หมวดเดียวกัน คนละแบรนด์ วันลงงาน 15 มิ.ย. | F61: Positive | G61: Medium | L61: Not Start
A62: ="TC_Creator_Dee_"&(ROW()-ROW($A$12)+1-4) -> TC_Creator_Dee_47 | B62: ตรวจสอบเมนู : ดีล กดปุ่ม "เพิ่มดีล" ห้ามรับคู่แข่ง (Exclusivity) กรณี ดีลใหม่แบรนด์เดียวกับดีลเดิม ระบบแสดงหน้าจอถูกต้อง เงื่อนไข -ดีล exclusivity : หมวด "สกินแคร์" แบรนด์ A -สร้างดีลใหม่หมวด "สกินแคร์" แบรนด์ A เดิม ช่วงทับกัน | F62: Positive | G62: Medium | L62: Not Start
A63: ="TC_Creator_Dee_"&(ROW()-ROW($A$12)+1-4) -> TC_Creator_Dee_48 | B63: ตรวจสอบเมนู : ดีล กดปุ่ม "เพิ่มดีล" ห้ามรับคู่แข่ง (Exclusivity) กรณี ไม่ได้ระบุหมวดสินค้า ระบบแสดงหน้าจอถูกต้อง เงื่อนไข -มีดีล exclusivity หมวด "สกินแคร์" -สร้างดีลใหม่หมวด "มือถือ" ช่วงเวลาทับกัน | E63: -ระบบไม่เตือน บันทึกปกติ | F63: Positive | G63: Medium | L63: Not Start
A64: ="TC_Creator_Dee_"&(ROW()-ROW($A$12)+1-4) -> TC_Creator_Dee_49 | B64: ตรวจสอบเมนู : ดีล กดปุ่ม "เพิ่มดีล" ห้ามรับคู่แข่ง (Exclusivity) กรณี ช่วงเวลาทับกันบางส่วน (วันสุดท้ายพอดี) ระบบแสดงหน้าจอถูกต้อง เงื่อนไข | E64: -ระบบไม่เตือน บันทึกปกติ | F64: Positive | G64: Medium | L64: Not Start
A65: ="TC_Creator_Dee_"&(ROW()-ROW($A$12)+1-4) -> TC_Creator_Dee_50 | B65: ตรวจสอบเมนู : ดีล กดปุ่ม "เพิ่มดีล" ห้ามรับคู่แข่ง (Exclusivity) กรณี ดีล exclusivity เดิมถูกยกเลิกไปแล้ว และ สร้างดีลใหม่หมวดเดียวกัน ช่วงทับกัน คนละแบรนด์ ระบบแสดงหน้าจอถูกต้อง เงื่อนไข -สร้างดีลใหม่หมวดเดียวกัน ช่วงทับกัน คนละแบรนด์ | F65: Positive | G65: Medium | L65: Not Start
A66: ="TC_Creator_Dee_"&(ROW()-ROW($A$12)+1-4) -> TC_Creator_Dee_51 | B66: ตรวจสอบเมนู : ดีล กดปุ่ม "เพิ่มดีล" ห้ามรับคู่แข่ง (Exclusivity) กรณี แก้ไขวันลงงาน/หมวดจนไปชนดีลอื่น ระบบแสดงหน้าจอถูกต้อง เงื่อนไข -แก้วันลงงานของดีลหนึ่งให้ตรงช่วง exclusivity อีกดีล | F66: Positive | G66: Medium | L66: Not Start
A67: แก้ไขรายละเอียดดีล
A68: ="TC_Creator_Dee_"&(ROW()-ROW($A$12)+1-5) -> TC_Creator_Dee_52 | B68: ตรวจสอบเมนู : ดีล เพิ่มดิลใหม่ แต่กรอกข้อมูลไม่ครบ กรณี กดปุ่ม "แก้ไข" ข้อมูลเพิ่มเติม ระบบแสดงหน้าจอและเมนูถูกต้อง เงื่อนไข - กด icon : แก้ไข - กรอกข้อมูล ดีล ครบ - กดปุ่ม: บันทึกการแก้ไข | E68: -ระบบแสดงข้อมูลดีลล่าสุดจากที่แก้ไขข้อมูลถูกต้อง | F68: Positive | G68: Medium | L68: Not Start
A69: ="TC_Creator_Dee_"&(ROW()-ROW($A$12)+1-5) -> TC_Creator_Dee_53 | B69: ตรวจสอบเมนู : ดีล กดปุ่ม "แก้ไข" กรณี เปลี่ยนสถานะดีลข้ามขั้น "ทาบทาม" ---> "ตกลงราคา" ระบบแสดงสถานะดีล ถูกต้อง เงื่อนไข - กด icon : แก้ไข - กดเปลี่ยนสถานะดีล : "ทาบทาม" ---> "ตกลงราคา" - popup : ยืนยัน | E69: -ระบบแสดง popup : ข้ามสถานะ "การข้ามสถานะนี้ผิดปกติ ยืนยันหรือไม่?" -ปุ่ม : ยกเลิก -ปุ่ม : ยืนยัน -หลังกดปุ่ม ยืนยัน ระบบแสดงรายการสถานะ ดีล ที่หน้า ดีลถูกต้อง | F69: Positive | G69: Medium | L69: Not Start
A70: ="TC_Creator_Dee_"&(ROW()-ROW($A$12)+1-5) -> TC_Creator_Dee_54 | B70: ตรวจสอบเมนู : ดีล กดปุ่ม "แก้ไข" กรณี กด "ยกเลิก"จาก popup ข้ามสถานะ ดีล ระบบ popup สอบถาม ถูกต้อง เงื่อนไข - กด icon : แก้ไข - กดเปลี่ยนสถานะดีล : "ทาบทาม" ---> "ตกลงราคา" - popup : ยกเลิก | E70: -ระบบแสดง popup : ข้ามสถานะ "การข้ามสถานะนี้ผิดปกติ ยืนยันหรือไม่?" -ปุ่ม : ยกเลิก -ปุ่ม : ยืนยัน -หลังกดปุ่ม ยกเลิก ระบบแสดงรายการสถานะ ดีล ที่หน้า ดีลถูกต้อง | F70: Positive | G70: Medium | L70: Not Start
A71: ="TC_Creator_Dee_"&(ROW()-ROW($A$12)+1-5) -> TC_Creator_Dee_55 | B71: ตรวจสอบเมนู : ดีล กดปุ่ม "แก้ไข" กรณี ปรับสถานะดีล "ตกลงราคา" ---> "ยกเลิก" ระบบ popup สอบถาม ถูกต้อง เงื่อนไข - กด icon : แก้ไข - กดเปลี่ยนสถานะดีล : "ตกลงราคา" ---> "ยกเลิก" | E71: -หลังปรับสถานะ ดีล : ยกเลิก ระบบแสดงรายการสถานะ ดีล ที่หน้า ดีล และแสดงสถานะ ดีล = "ยกเลิก"ถูกต้อง | F71: Positive | G71: Medium | L71: Not Start
A72: ="TC_Creator_Dee_"&(ROW()-ROW($A$12)+1-5) -> TC_Creator_Dee_56 | B72: ตรวจสอบเมนู : ดีล กดปุ่ม "แก้ไข" กรณี ย้อนกลับสถานะ "ยกเลิก" ---> "ตกลงราคา" ระบบ popup สอบถาม ถูกต้อง เงื่อนไข - กด icon : แก้ไข - กดเปลี่ยนสถานะดีล : "ยกเลิก" ---> "ตกลงราคา" | E72: -หลังปรับสถานะ ดีล : ตกลงราค ระบบแสดงรายการสถานะ ดีล ที่หน้า ดีล และแสดงสถานะ ดีล = "ตกลงราคา"ถูกต้อง | F72: Positive | G72: Medium | L72: Not Start
A73: ="TC_Creator_Dee_"&(ROW()-ROW($A$12)+1-5) -> TC_Creator_Dee_57 | B73: ตรวจสอบเมนู : ดีล กดปุ่ม "แก้ไข" กรณี "บันทึกสถานะล้มเหลว (เน็ตหลุด)" ระบบ popup สอบถาม ถูกต้อง เงื่อนไข - กรอกข้อมูล ดีล ครบถ้วน - กดปุ่ม : "บันทึกการแก้ไข" (ระหว่ากดบันทึก wifi หลุด) | E73: - | F73: Positive | G73: High | L73: Not Start
A74: ="TC_Creator_Dee_"&(ROW()-ROW($A$12)+1-5) -> TC_Creator_Dee_58 | B74: ตรวจสอบเมนู : "แก้ไข" กรณี กดเมนู งาน/สคริปต์ ระบบแสดงหน้าจอถูกต้อง เงื่อนไข - กด icon : แก้ไข - กด : งาน/สคริปต์ | E74: -ระบบแสดงกล่องกรอก Brief จากลูกค้า โจทย์ก่อนเริ่มทำ script สามารถกรอกข้อมูล Brief จากลูกค้าได้ -แสดงปุ่ม : บันทึก brief -แสดงปุ่ม :+ แนบรูป brief | F74: Positive | G74: High | L74: Not Start
A75: ="TC_Creator_Dee_"&(ROW()-ROW($A$12)+1-5) -> TC_Creator_Dee_59 | B75: ตรวจสอบเมนู : "แก้ไข" หัวข้อ "Brief จากลูกค้า" ทำการกดแนบรูป ระบบแสดงหน้าจอถูกต้อง เงื่อนไข - กด icon : แก้ไข - กด : งาน/สคริปต์ -กดปุ่ม :+ แนบรูป brief | F75: Positive | G75: High | L75: Not Start
A76: ="TC_Creator_Dee_"&(ROW()-ROW($A$12)+1-5) -> TC_Creator_Dee_60 | B76: ตรวจสอบเมนู : "แก้ไข" หัวข้อ "Brief จากลูกค้า" ทำ กรอกข้อมูล "Brief" และแนบรูป กดปุ่ม "บันทึก brief" ระบบแสดงหน้าจอถูกต้อง เงื่อนไข - กด icon : แก้ไข - กด : งาน/สคริปต์ - แก้ไข Brief ที่ได้รับจากลูกค้า : บันทึก brief -กดปุ่ม :+ แนบรูป brief | F76: Positive | G76: High | L76: Not Start
A77: ="TC_Creator_Dee_"&(ROW()-ROW($A$12)+1-5) -> TC_Creator_Dee_61 | B77: ตรวจสอบเมนู : "แก้ไข" หัวข้อ " สคริปต์ (ส่งให้แบรนด์รีวิวก่อนถ่าย) " กรณี กรอกข้อมูล "สคริปต์" และ กดปุ่ม "บันทึก" ระบบแสดงหน้าจอถูกต้อง | F77: Positive | G77: High | L77: Not Start
A78: ="TC_Creator_Dee_"&(ROW()-ROW($A$12)+1-5) -> TC_Creator_Dee_62 | B78: ตรวจสอบเมนู : "แก้ไข" หัวข้อ " สคริปต์ (ส่งให้แบรนด์รีวิวก่อนถ่าย) " กรณี กดปุ่ม "แบรนด์ขอแก้" กรอกข้อมูล/เลือกวันที่ ครบถูกต้อง และกดปุ่ม "บันทึก" ระบบแสดงหน้าจอถูกต้อง | F78: Positive | G78: High | L78: Not Start
A79: ="TC_Creator_Dee_"&(ROW()-ROW($A$12)+1-5) -> TC_Creator_Dee_63 | B79: ตรวจสอบเมนู : "แก้ไข" หัวข้อ " สคริปต์ (ส่งให้แบรนด์รีวิวก่อนถ่าย) " กรณี กดปุ่ม "แบรนด์ขอแก้" เลือกวันที่เป็นวันที่ย้อนหลัง "บันทึก" ระบบแสดง error ถูกต้อง | F79: Positive | G79: High | L79: Not Start
A80: ="TC_Creator_Dee_"&(ROW()-ROW($A$12)+1-5) -> TC_Creator_Dee_64 | B80: ตรวจสอบเมนู : "แก้ไข" หัวข้อ " สคริปต์ (ส่งให้แบรนด์รีวิวก่อนถ่าย) " กรณี กดปุ่ม "ลบ" ระบบแสดง error ถูกต้อง | F80: Positive | G80: High | L80: Not Start
A81: ="TC_Creator_Dee_"&(ROW()-ROW($A$12)+1-5) -> TC_Creator_Dee_65 | B81: ตรวจสอบเมนู : "แก้ไข" หัวข้อ " งานและรอบแก้ · แก้รอบฟรี" กรณี แบรนด์ขอแก้รอบที่ 1 กรอบข้อมูลครบถ้วน กดปุ่ม "บันทึกคำขอแก้" ระบบแสดงหน้าจอถูกต้อง | F81: Positive | G81: High | L81: Not Start
A82: ="TC_Creator_Dee_"&(ROW()-ROW($A$12)+1-5) -> TC_Creator_Dee_66 | B82: ตรวจสอบเมนู : "แก้ไข" หัวข้อ " งานและรอบแก้ · แก้รอบฟรี" กรณี แบรนด์ขอแก้รอบที่ 2 กรณี ระบุวันที่ นัดส่ง draft แก้รอบถัดไป ระบุ "วัน/เดือน/ปี ย้อนหลัง"กดปุ่ม "บันทึกคำขอแก้" ระบบแสดงหน้าจอถูกต้อง | F82: Positive | G82: High | L82: Not Start
A83: ="TC_Creator_Dee_"&(ROW()-ROW($A$12)+1-5) -> TC_Creator_Dee_67 | B83: ตรวจสอบเมนู : "แก้ไข" หัวข้อ " งานและรอบแก้ · แก้รอบฟรี" กรณี แบรนด์ขอแก้รอบงานเกินรอบแก้ฟรีที่ตกลงกันไว้ ระบบแสดงหน้าจอถูกต้อง | D83: ไม่เจอเมนู หัวข้อนี้แล้ว | F83: Positive | G83: High | L83: Not Start
A84: ="TC_Creator_Dee_"&(ROW()-ROW($A$12)+1-5) -> TC_Creator_Dee_68 | B84: ตรวจสอบเมนู : "แก้ไข" หัวข้อ "งานและรอบแก้ · แก้รอบฟรี" กรณี กดปุ่ม "ลบ" ระบบแสดง error ถูกต้อง | F84: Positive | G84: High | L84: Not Start
A85: ="TC_Creator_Dee_"&(ROW()-ROW($A$12)+1-5) -> TC_Creator_Dee_69 | B85: ตรวจสอบเมนู : "แก้ไข" กดหัวข้อ "งวดเงิน" ระบบแสดงหน้าจอถูกต้อง เงื่อนไข - กด icon : แก้ไข - กด : "งวดเงิน" | F85: Positive | G85: High | L85: Not Start
A86: ="TC_Creator_Dee_"&(ROW()-ROW($A$12)+1-5) -> TC_Creator_Dee_70 | B86: ตรวจสอบเมนู : "แก้ไข" หัวข้อ "งวดเงิน" กรณีกด "เพิ่มงวด" กรอกข้อมูลครบถ้วนเพิ่มงวดสำเร็จ ระบบแสดงหน้าจอถูกต้อง เงื่อนไข - กด icon : แก้ไข - กด : "งวดเงิน" - กด : "เพิ่มงวด" เรียบร้อย | F86: Positive | G86: High | L86: Not Start
A87: ="TC_Creator_Dee_"&(ROW()-ROW($A$12)+1-5) -> TC_Creator_Dee_71 | B87: ตรวจสอบเมนู : "แก้ไข" หัวข้อ "งวดเงิน" กรณีกด "เพิ่มงวด" Field : กำหนดชำระ "กรอก วัน/เดือน/ปี ย้อนหลัง" ระบบแสดงหน้าจอถูกต้อง เงื่อนไข - กด icon : แก้ไข - กด : "งวดเงิน" - กด "เพิ่มงวด" - Field กำหนดชำระ : "กรอก วัน/เดือน/ปี ย้อนหลัง" | F87: Positive | G87: High | L87: Not Start
A88: ="TC_Creator_Dee_"&(ROW()-ROW($A$12)+1-5) -> TC_Creator_Dee_72 | B88: ตรวจสอบเมนู : "แก้ไข" หัวข้อ "งวดเงิน" กรณีกด "เพิ่มงวด"กรอกข้อมูล "อักขระพิเศษ" ระบบแสดงหน้าจอถูกต้อง เงื่อนไข - กด icon : แก้ไข - กด : "งวดเงิน" - กด "เพิ่มงวด" - Field กำหนดชำระ : วัน/เดือน/ปี "อักขระพิเศษ" | F88: Positive | G88: High | L88: Not Start
A89: ="TC_Creator_Dee_"&(ROW()-ROW($A$12)+1-5) -> TC_Creator_Dee_73 | B89: ตรวจสอบเมนู : "แก้ไข" หัวข้อ "งวดเงิน" กรณีกดปุ่ม "ลบ" งวดการจ่าย ระบบแสดง error สอบถามถูกต้อง เงื่อนไข - กด icon : แก้ไข - กด : "งวดเงิน" - กด : ลบรายการงวดที่มีอยุ่ - กด ลบ ใน popup | E89: -ระบบแสดง error popup : ลบงวด ลบงวดนี้? -แสดงปุ่ม : ยกเลิก -แสดงปุ่ม : ลบ - หลังกดปุ่ม ลบ งวดการจ่ายที่ลบออกไปไม่แสดงที่หน้า งวดเงิน | F89: Positive | G89: High | L89: Not Start
A90: ="TC_Creator_Dee_"&(ROW()-ROW($A$12)+1-5) -> TC_Creator_Dee_74 | B90: ตรวจสอบเมนู : "แก้ไข" หัวข้อ "เอกสาร" กรณีกดปุ่ม "+แนบเอกสาร (PDF/JPG/PNG)" และทำการแนบเอกสารจนสำเร็จ ระบแสดงหน้าจอถูกต้อง | F90: Positive | G90: High | L90: Not Start
A91: ="TC_Creator_Dee_"&(ROW()-ROW($A$12)+1-5) -> TC_Creator_Dee_75 | B91: ตรวจสอบเมนู : "แก้ไข" หัวข้อ "เอกสาร" กรณีกดปุ่ม : "download" เอกสาร (PDF/JPG/PNG) ระบแสดงหน้าจอถูกต้อง | F91: Positive | G91: High | L91: Not Start
A92: ="TC_Creator_Dee_"&(ROW()-ROW($A$12)+1-5) -> TC_Creator_Dee_76 | B92: ตรวจสอบเมนู : "แก้ไข" หัวข้อ "เอกสาร" กรณีกดปุ่ม "+แนบเอกสารหลายไฟล์ใน 1 ดีล" ระบแสดงหน้าจอถูกต้อง | F92: Positive | G92: High | L92: Not Start
A93: ="TC_Creator_Dee_"&(ROW()-ROW($A$12)+1-5) -> TC_Creator_Dee_77 | B93: ตรวจสอบเมนู : "แก้ไข" หัวข้อ "เอกสาร" กรณี "ลบไฟล์แนบ ในกรณีที่มี 1 ไฟล์" ระบแสดงหน้าจอถูกต้อง | F93: Positive | G93: High | L93: Not Start
A94: ="TC_Creator_Dee_"&(ROW()-ROW($A$12)+1-5) -> TC_Creator_Dee_78 | B94: ตรวจสอบเมนู : "แก้ไข" หัวข้อ "เอกสาร" กรณี "ลบไฟล์แนบ ในกรณีที่มี >1 ไฟล์" ระบแสดงหน้าจอถูกต้อง | F94: Positive | G94: High | L94: Not Start
A95: ="TC_Creator_Dee_"&(ROW()-ROW($A$12)+1-5) -> TC_Creator_Dee_79 | B95: ตรวจสอบเมนู : "แก้ไข" หัวข้อ "เอกสาร" กดปุ่ม "+แนบเอกสาร (PDF/JPG/PNG)" กรณี แนบไฟล์ผิดประเภท (Excel) ระบแสดงหน้าจอถูกต้อง | F95: Positive | G95: High | H95: แยกปุ่มออกมาข้างนอก | L95: Not Start
A96: ="TC_Creator_Dee_"&(ROW()-ROW($A$12)+1-5) -> TC_Creator_Dee_80 | B96: ตรวจสอบเมนู : "แก้ไข" หัวข้อ "เอกสาร" กดปุ่ม "+แนบเอกสาร (PDF/JPG/PNG)" กรณี แนบไฟล์ขนาดใหญ่เกินกำหนด ระบแสดงหน้าจอถูกต้อง | F96: Positive | G96: High | L96: Not Start
A97: ="TC_Creator_Dee_"&(ROW()-ROW($A$12)+1-5) -> TC_Creator_Dee_81 | B97: ตรวจสอบเมนู : "แก้ไข" หัวข้อ "เอกสาร" กรณี กดปุ่ม "+ใบเสนอราคา" ระบแสดงหน้าจอถูกต้อง | F97: Positive | G97: High | L97: Not Start
A98: ="TC_Creator_Dee_"&(ROW()-ROW($A$12)+1-5) -> TC_Creator_Dee_82 | B98: ตรวจสอบเมนู : "แก้ไข" หัวข้อ "เอกสาร" กรณี กดปุ่ม "+ใบแจ้งหนี้" ระบแสดงหน้าจอถูกต้อง | F98: Positive | G98: High | L98: Not Start
A99: ="TC_Creator_Dee_"&(ROW()-ROW($A$12)+1-5) -> TC_Creator_Dee_83 | B99: ตรวจสอบเมนู : "แก้ไข" หัวข้อ "เอกสาร" กรณี กดปุ่ม "+ใบเสร็จรับเงิน" ระบแสดงหน้าจอถูกต้อง | F99: Positive | G99: High | L99: Not Start
A100: ="TC_Creator_Dee_"&(ROW()-ROW($A$12)+1-5) -> TC_Creator_Dee_84 | B100: ตรวจสอบเมนู : "แก้ไข" หัวข้อ "เอกสาร" กรณี กดปุ่ม "+ใบกำกับภาษี" ระบแสดงหน้าจอถูกต้อง | F100: Positive | G100: High | L100: Not Start
A101: ="TC_Creator_Dee_"&(ROW()-ROW($A$12)+1-5) -> TC_Creator_Dee_85 | B101: ตรวจสอบเมนู : "เอกสาร" กดเลือกประเภทเอกสาร ระบบสามารถเลือกประเภทเอกสารได้ กรณีเลือก ประเภท "ใบกำกับภาษี" แสดงหน้าจอถูกต้อง | F101: Positive | G101: High | L101: Not Start
A102: ="TC_Creator_Dee_"&(ROW()-ROW($A$12)+1-5) -> TC_Creator_Dee_86 | B102: ตรวจสอบเมนู : "เอกสาร" เลือก ประเภท "ใบกำกับภาษี" กรณี "+กดเพิ่มรายการ" และกรอกข้อมูลครบถ้วน ระบบคำนวณยอดชำระทั้งสิ้นและ แสดงหน้าจอถูกต้อง | F102: Positive | G102: High | L102: Not Start
A103: เมนูช่วยร่างข้อความ
A104: ="TC_Creator_Dee_"&(ROW()-ROW($A$12)+1-6) -> TC_Creator_Dee_87 | B104: ตรวจสอบเมนู : "ช่วยร่างข้อมูล" กรณี กดปุ่ม "ต่อรองราคา" ระบบแสดงหน้าจอถูกต้อง เงื่อนไข -กดเมนูู : ต่อรองราคา | E104: -ระบบแสดงหน้า ช่วยร่าง ข้อความ ตอบลูกค้าได้อย่างครบถ้วนและถูกต้อง -ระบบแสดง : เครดิต AI เหลือเดือนนี้: XX ครั้ง - ระบบแสดง ปุ่ม : คัดลอก / ร่างใหม่ | F104: Positive | G104: Low | L104: Not Start
A105: ="TC_Creator_Dee_"&(ROW()-ROW($A$12)+1-6) -> TC_Creator_Dee_88 | B105: ตรวจสอบเมนู : "ช่วยร่างข้อมูล" กรณี มีเครดิต AI : XX ครั้ง และกดปุ่ม "ถามรายละเอียดเพิ่มเติม" ระบบแสดงหน้าจอถูกต้อง เงื่อนไข -กดเมนูู : ถามรายละเอียดเพิ่มเติม | E105: -ระบบแสดงหน้า ช่วยร่าง ข้อความ ตอบลูกค้าได้อย่างครบถ้วนและถูกต้อง -ระบบแสดง : เครดิต AI ลดลงเหลือเดือนนี้: XX ครั้ง - ระบบแสดง ปุ่ม : คัดลอก / ร่างใหม่ | F105: Positive | G105: Low | L105: Not Start
A106: ="TC_Creator_Dee_"&(ROW()-ROW($A$12)+1-6) -> TC_Creator_Dee_89 | B106: ตรวจสอบเมนู : "ช่วยร่างข้อมูล" กรณี กดปุ่ม "ร่างใหม่" ใน เมนู "ต่อรองราคา" ระบบแสดงหน้าจอถูกต้อง เงื่อนไข -กดเมนูู : ต่อรองราคา -กดปุ่ม : "ร่างใหม่" | E106: -ระบบแสดงหน้า ช่วยร่าง ข้อความ ตอบลูกค้าได้อย่างครบถ้วนและถูกต้อง -ระบบแสดง : เครดิต AI ลดลงเหลือเดือนนี้: XX ครั้ง - ระบบแสดง ปุ่ม : คัดลอก / ร่างใหม่ | F106: Positive | G106: Low | L106: Not Start
...

Sheet ชีต5
A2: status | B2: แก้ไขดีล | C2: ปฎิทิน | D2: status หน้า ดีล | E2: หน้าหลัก
A3: ทาบทาม | B3: Field : วันที่นัดส่ง draft / งาน | C3: = Current date | D3: ใกล้ deadline | E3: ด่วนมาก
B4: "Mac | C4: > Current date 3 day | D4: ใกล้ deadline | E4: ด่วนมาก
B5: "น้ำหอม | C5: < Current date 7 day | D5: Null | E5: Null
B6: "น้ำหอม. แก้ไข field >> วันที่นัดส่งสคริปต์ให้แบรนด์รีวิว | C6: > Current date 7 day | D6: Null | E6: ด่วนมาก
A11: กำลังทำงาน = Facebook กรอกแค่ "กำหนดจ่ายเงิน" | C11: แสดงหับข้อ ไม่ระบุเดือน
A12: กำลังทำงาน = Mac กรอกแค่ "วันที่นัดส่งสคริปต์ให้แบรนด์รีวิว" | C12: แสดงหับข้อ ไม่ระบุเดือน
A13: test = วันลงงาน / เผยแพร่ | C13: ปรากฎเดือนปกติ
A18: status : ตกลงราคา -----> จับแท้ก status จาก Field : วันที่นัดส่ง draft / งาน
A19: status : รอจ่าย -----> จับแท้ก status จาก Field : กำหนดจ่ายเงิน
A28: ="TC_Creator_Dee_"&(ROW()-ROW($A$12)+1-4) -> TC_Creator_Dee_13 | B28: ตรวจสอบเมนู : ห้ามรับคู่แข่ง (Exclusivity) กรณี แก้ไข "วันที่นัดส่ง draft / งาน" ของดีล A ให้ตรงกับช่วง Exclusivity ของดีลอื่น (หมวดเดียวกัน) โดยแก้ไขสถานะ "ทามทาม ---> "ตกลงราคา"ระบบแสดงหน้าจอถูกต้อง เงื่อนไข -เปลี่ยนสถานะดีล A จาก "ทาบทาม" → "ตกลงราคา" -เปิดรายละเอียดดีล A -แก้ไข "วันที่นัดส่ง draft / งาน " ให้ตกอยู่ในช่วง Exclusivity ของดีล B ( > Current date 3 วัน)) -กดบันทึก | E28: -ระบบแสดง popup : Exclusivity ชนกัน -ดีลนี้ชนเงื่อนไขห้ามรับคู่แข่งของดีลเดิม: -XX · หมวดเดียวกัน · ช่วงห้าม 2026-07-XX – 2026-07-XX -ระบบแสดงปุ่ม : ยกเลิก -ระบบแสดงปุ่ม : รับต่อ (รับทราบความเสี่ยง) -ระบบแสดงรายการดีลถูกต้อง และแสดง หมายเหตุ : รับทราบเสี่ยง ดีลใหม่ที่เพิ่งสร้าง | F28: Positive | G28: Medium | L28: Not Start
A29: ="TC_Creator_Dee_"&(ROW()-ROW($A$12)+1-5) -> TC_Creator_Dee_13 | E29: หน้าหลัก -ระบบแสดงรายการ : สิ่งที่ควรจัดการ ใกล้นัดส่ง สคริปต์ · status : ด่วน หน้าดีล -ระบบแสดงรายการสถานะ ดีล ที่หน้า ดีลถูกต้อง -แสดงรายการ ดีล อยุ่ใน หมวด : ระบุเดือน -โดยแสดง หมายเหตุ : รอส่ง Draft | F29: Positive | G29: High | L29: Not Start
A30: ="TC_Creator_Dee_"&(ROW()-ROW($A$12)+1-5) -> TC_Creator_Dee_14 | B30: ตรวจสอบเมนู : "แก้ไข" กรณี User : แก้ไข วันที่นัดส่ง draft / งาน < (Current date 3 วัน) แต่เลย deadline แล้ว โดย กดเปลี่ยน status : "ทาบทาม" ---> "ตกลงราคา" เงื่อนไข - วันที่นัดส่ง draft / งาน : < (Current date 3 วัน) เลย deadline แล้ว - กดเปลี่ยนสถานะดีล : "ตกลงราคา" ---> "อยู่ในระหว่างทำงาน" FYI : ใช้ข้อมูลแก้ไขจากข้อม 53 | E30: หน้าหลัก -ระบบแสดงรายการ : สิ่งที่ควรจัดการ ใกล้นัดส่ง สคริปต์ · status : ด่วนมาก หน้าดีล -ระบบแสดงรายการสถานะ ดีล ที่หน้า ดีลถูกต้อง -แสดงรายการ ดีล อยุ่ใน หมวด : ระบุเดือน -โดยแสดง หมายเหตุ : เลยกำหนดส่งงาน , รอส่ง Draft | F30: Positive | G30: High | L30: Not Start
A31: ="TC_Creator_Dee_"&(ROW()-ROW($A$12)+1-5) -> TC_Creator_Dee_15 | B31: ตรวจสอบเมนู : "แก้ไข" กรณี User : แก้ไข กำหนดจ่ายเงิน > (Current date 3 วัน) แต่เลย deadline แล้ว โดย กดเปลี่ยน status : "ตกลงราคา" ---> "รอจ่าย" เงื่อนไข - กำหนดจ่ายเงิน > (Current date 3 วัน) - กดเปลี่ยนสถานะดีล : "ตกลงราคา" ---> "รอจ่าย" FYI : ใช้ข้อมูลแก้ไขจากข้อม 54 | E31: หน้าหลัก -ระบบแสดงรายการ : เงินที่ควรติดตาม · status : ปานกลาง หน้าดีล -ระบบแสดงรายการสถานะ ดีล ที่หน้า ดีลถูกต้อง -แสดงรายการ ดีล อยุ่ใน หมวด : ระบุเดือน -โดยแสดง หมายเหตุ : เลยกำหนดส่งงาน , รอส่ง Draft | F31: Positive | G31: High | L31: Not Start
A32: ="TC_Creator_Dee_"&(ROW()-ROW($A$12)+1-5) -> TC_Creator_Dee_16 | B32: ตรวจสอบเมนู : "แก้ไข" กรณี User : แก้ไข โดย กดเปลี่ยน status : "รอจ่าย" ---> "รับเงิน" เงื่อนไข - กดเปลี่ยนสถานะดีล : "รอจ่าย" ---> "รับเงิน" - รับเงินเติมจำนวน - ไม่หัก - กดปุ่ม "บันทึกรับเงิน" FYI : ใช้ข้อมูลแก้ไขจากข้อม 55 | E32: -ระบบแสดง popup : ออกใบเสร็จ? บันทึกรับเงินแล้ว — ออกใบเสร็จรับเงิน ฿10000 ให้แบรนด์เลยไหม? -แสดงปุ่ม : ยกเลิก -แสดงปุ่ม : ออกใบเสร็จ -ระบบพาไปหน้า "ใบเสร็จรับเงิน" | F32: Positive | G32: High | L32: Not Start

Sheet Create_content
B1: =HYPERLINK("#Document!A1", "Refer to sheet Document") -> Refer to sheet Document
A3: Total TC. | B3: =COUNTIF(A11:A117,"TC_*") -> 47
A4: Test Cases ID | B4: Test Case Description | C4: Pre-Conditions | D4: Test Step | E4: Expected Result | F4: Positive/Negative | G4: Priority | H4: Test Data | I4: Tester | J4: Execution Plan | K4: Execution date | L4: Test Result | M4: Remark
A10: CreatorDee
A11: Scenario : Case validations สร้างคอนเทนต์
A12: ="TC_Create_content_"&(ROW()-ROW($A$12)+1) -> TC_Create_content_1 | B12: ตรวจสอบเมนู : สร้างคอนเทนต์ กรณี "ตรวจสอบหน้าจอและเมนูทั้งหมด" ระบบแสดงหน้าจอถูกต้อง เงื่อนไข - กดปุ่ม : สร้างคอนเทนต์ | E12: - ระบบแสดง เมนู : คลังไวรัล , สร้างคลิป , บอร์ดคอนเทนต์ , สไตล์คุณ - แท็บ "คลังไวรัล" ถูกไฮไลต์ (สีน้ำเงิน) เป็นค่าเริ่มต้น - ระบบแสดงช่อง "ค้นหา" ถูกต้อง รองรับ ภาษาไทยและ ภาษาอังกฤษ - ระบบแสดง drop down ให้เลือกดังนี้ - วิวมากสุด - ไลก์มากสุด - คอมเมนต์มากสุด - เซฟมากสุด - เอนเกจสูงสุด - Outlier สูงสุด - ใหม่สุด - สั้นสุด | F12: Positive | G12: Medium | L12: Not Start
A13: ="TC_Create_content_"&(ROW()-ROW($A$12)+1) -> TC_Create_content_2 | B13: ตรวจสอบเมนู : สร้างคอนเทนต์ ช่อง Sarch : คอนเทนต์ ด้วยแคปชัน เช่น "millionaire" ระบบแสดงหน้าจอถูกต้อง เงื่อนไข - กดปุ่ม : สร้างคอนเทนต์ - ช่อง Sarch : "millionaire" | E13: - ระบบแสดงคลิปคอนเทนต์ที่มีคำนั้นในแคปชันเท่านั้น | F13: Positive | G13: Low | L13: Not Start
A14: ="TC_Create_content_"&(ROW()-ROW($A$12)+1) -> TC_Create_content_3 | B14: ตรวจสอบเมนู : สร้างคอนเทนต์ ช่อง Sarch : ค้นหาด้วยชื่อช่อง "@brittanyybowen" ระบบแสดงหน้าจอถูกต้อง เงื่อนไข - กดปุ่ม : สร้างคอนเทนต์ - ช่อง Sarch : @brittanyybowen | E14: - ระบบแสดงคลิปคอนเทนต์ของครีเอเตอร์นั้นเท่านั้น | F14: Positive | G14: Low | L14: Not Start
A15: ="TC_Create_content_"&(ROW()-ROW($A$12)+1) -> TC_Create_content_4 | B15: ตรวจสอบเมนู : สร้างคอนเทนต์ ช่อง Sarch : คอนเทนต์ "ภาษาไทย " ด้วยหมวดหมู่ ระบบแสดงหน้าจอถูกต้อง เงื่อนไข - กดปุ่ม : สร้างคอนเทนต์ - ช่อง Sarch : ความสวยความงาม | E15: - ระบบแสดงคลิปคอนเทนต์จากหมวดหมู่ที่ค้นหาเท่านั้น | F15: Positive | G15: Low | L15: Not Start
A16: ="TC_Create_content_"&(ROW()-ROW($A$12)+1) -> TC_Create_content_5 | B16: ตรวจสอบเมนู : สร้างคอนเทนต์ ช่อง Sarch : คอนเทนต์ "ผลลัพธ์พิมพ์คำที่ไม่มีในระบบ" ด้วยหมวดหมู่ ระบบแสดงหน้าจอถูกต้อง เงื่อนไข - กดปุ่ม : สร้างคอนเทนต์ - ช่อง Sarch : สกินแคร์ | E16: -ระบบแสดงข้อความ "ไม่พบคลิปที่ตรงกับ XXX" | F16: Positive | G16: Low | L16: Not Start
A17: ="TC_Create_content_"&(ROW()-ROW($A$12)+1) -> TC_Create_content_6 | B17: ตรวจสอบเมนู : สร้างคอนเทนต์ กรณี drop down "แชร์มากสุด" + Sarch ระบบแสดงหน้าจอถูกต้อง เงื่อนไข - กดปุ่ม : สร้างคอนเทนต์ - ช่อง Sarch : การเงิน + drop down "แชร์มากสุด" | E17: -ระบบแสดงผลลัพธ์ถูกกรองและเรียงลำดับถูกต้องพร้อมกันทั้งสองเงื่อนไข | F17: Positive | G17: Low | L17: Not Start
A18: ="TC_Create_content_"&(ROW()-ROW($A$12)+1) -> TC_Create_content_7 | B18: ตรวจสอบเมนู : สร้างคอนเทนต์ กรณี คลิกปุ่ม "ที่บันทึกไว้ 0" (ยังไม่มีการบันทึก) ระบบแสดงหน้าจอถูกต้อง เงื่อนไข - กดปุ่ม : สร้างคอนเทนต์ - กดปุ่ม "ที่บันทึกไว้" | E18: -ระบบแสดง empty state เนื่องจากยังไม่มีคลิปที่บันทึก | F18: Positive | G18: Low | L18: Not Start
A19: ="TC_Create_content_"&(ROW()-ROW($A$12)+1) -> TC_Create_content_8 | B19: ตรวจสอบเมนู : สร้างคอนเทนต์ กรณี คลิกปุ่ม "บันทึกคลิปแล้วเช็คจำนวน" ระบบแสดงหน้าจอถูกต้อง เงื่อนไข - กดปุ่ม : สร้างคอนเทนต์ -กดปุ่ม "กดไอคอนหัวใจที่การ์ดคลิป" - กดปุ่ม "ที่บันทึกไว้" | E19: -ตัวเลขเพิ่มขึ้น 1 และคลิปที่กดปรากฏในแท็บนี้ | F19: Positive | G19: Low | L19: Not Start
A20: ="TC_Create_content_"&(ROW()-ROW($A$12)+1) -> TC_Create_content_9 | B20: ตรวจสอบเมนู : สร้างคอนเทนต์ กรณี คลิกปุ่ม "ยกเลิกบันทึก (unfavorite)" ระบบแสดงหน้าจอถูกต้อง เงื่อนไข - กดปุ่ม : สร้างคอนเทนต์ -กดปุ่ม "กดหัวใจซ้ำที่คลิปที่บันทึกไว้แล้ว" | E20: -คลิปหายไปจากแท็บ "ที่บันทึกไว้" และตัวเลขลดลง | F20: Positive | G20: Low | L20: Not Start
A21: ="TC_Create_content_"&(ROW()-ROW($A$12)+1) -> TC_Create_content_10 | B21: ตรวจสอบเมนู : สร้างคอนเทนต์ กรณี "กดที่พื้นที่ว่างในคลิป" ระบบแสดงหน้าจอถูกต้อง เงื่อนไข - กดปุ่ม : สร้างคอนเทนต์ - กด : พื้นที่ว่างในคลิป | E21: - ระบบแสดงคลิปคอนเทนต์ popup ขึ้นมา แสดงชื่อ account , ปุ่ม "ปิด",ปุ่ม "นำไปสร้าง"ปุ่ม : "ดูคลิปต้นทาง" | F21: Positive | G21: Low | L21: Not Start
A22: ="TC_Create_content_"&(ROW()-ROW($A$12)+1) -> TC_Create_content_11 | B22: ตรวจสอบเมนู : สร้างคอนเทนต์ ช่อง Sarch : คอนเทนต์ "อักขระพิเศษ" ระบบแสดงหน้าจอถูกต้อง เงื่อนไข - กดปุ่ม : สร้างคอนเทนต์ - ช่อง Sarch : คอนเทนต์ "อักขระพิเศษ" | E22: - ระบบแสดงล๊อคไม่ให้ทำการกรอกข้อมูลค้นหาใน Field sarch ได้ | F22: Positive | G22: Low | L22: Not Start
A23: ="TC_Create_content_"&(ROW()-ROW($A$12)+1) -> TC_Create_content_12 | B23: ตรวจสอบเมนู : สร้างคอนเทนต์ ค้นหาคอนเทนต์ คลิก drop down "ไลก์มากที่สุด" ระบบแสดงหน้าจอถูกต้อง เงื่อนไข - กดปุ่ม : สร้างคอนเทนต์ - กดปุ่ม drop down : "ไลก์มากที่สุด" | E23: - ระบบแสดงคลิปคอนเทนต์จากหมวดหมู่ "ไลก์มากที่สุด" | F23: Positive | G23: Low | L23: Not Start
A24: ="TC_Create_content_"&(ROW()-ROW($A$12)+1) -> TC_Create_content_13 | B24: ตรวจสอบเมนู : สร้างคอนเทนต์ "เลือก Tab คลังไวรัล" กรณี กดปุ่ม "นำคลิปไปใช้" ระบบแสดงหน้าจอถูกต้อง เงื่อนไข - กดปุ่ม : สร้างคอนเทนต์ - กดปุ่ม : เลือก Tab คลังไวรัล - กดปุ่ม: นำคลิปไปใช้ | F24: Positive | G24: Medium | L24: Not Start
A25: ="TC_Create_content_"&(ROW()-ROW($A$12)+1) -> TC_Create_content_14 | B25: ตรวจสอบเมนู : สร้างคอนเทนต์ กรณี "เลือก Tab สร้างคลิป" ระบบแสดงหน้าจอถูกต้อง เงื่อนไข - กดปุ่ม : สร้างคอนเทนต์ - กดปุ่ม : เลือก Tab สร้างคลิป | F25: Positive | G25: Low | L25: Not Start
A26: ="TC_Create_content_"&(ROW()-ROW($A$12)+1) -> TC_Create_content_15 | B26: ตรวจสอบเมนู : สร้างคอนเทนต์ กรณี "เลือก Tab บอร์คอนเทนต์" ระบบแสดงหน้าจอถูกต้อง เงื่อนไข - กดปุ่ม : สร้างคอนเทนต์ - กดปุ่ม : เลือก Tab บอร์คอนเทนต์ | F26: Positive | G26: Low | L26: Not Start
A27: ="TC_Create_content_"&(ROW()-ROW($A$12)+1) -> TC_Create_content_16 | B27: ตรวจสอบเมนู : สร้างคอนเทนต์ กรณี "เลือก Tab สไตล์คุณ" ระบบแสดงหน้าจอถูกต้อง เงื่อนไข - กดปุ่ม : สร้างคอนเทนต์ - กดปุ่ม : เลือก Tab สไตล์คุณ | F27: Positive | G27: Low | L27: Not Start
A28: ="TC_Create_content_"&(ROW()-ROW($A$12)+1) -> TC_Create_content_17 | B28: ตรวจสอบเมนู : สร้างคอนเทนต์ โดยกดมาจาก เมนู "นำไปสร้าง" กรณี Field : หัวข้อคลิป "กรอกข้อมูลอักขระพิเศษ" ระบบล๊อค Field ไม่สามารถกรอกได้ เงื่อนไข -กดเมนู : นำไปสร้าง -Field : หัวข้อคลิป "กรอกข้อมูลอักขระพิเศษ" | E28: - ระบบแสดงล๊อคไม่ให้ทำการกรอกข้อมูลค้นหาใน Field sarch ได้ | F28: Negative | G28: Low | L28: Not Start
A29: ="TC_Create_content_"&(ROW()-ROW($A$12)+1) -> TC_Create_content_18 | B29: ตรวจสอบเมนู : สร้างคอนเทนต์ โดยกดมาจาก เมนู "นำไปสร้าง" กรณี Field : มุมที่อยากเน้น "กรอกข้อมูลอักขระพิเศษ" ระบบล๊อค Field ไม่สามารถกรอกได้ เงื่อนไข -กดเมนู : นำไปสร้าง -Field : มุมที่อยากเน้น "กรอกข้อมูลอักขระพิเศษ" | E29: - ระบบแสดงล๊อคไม่ให้ทำการกรอกข้อมูลค้นหาใน Field sarch ได้ | F29: Negative | G29: Low | L29: Not Start
A30: ="TC_Create_content_"&(ROW()-ROW($A$12)+1) -> TC_Create_content_19 | B30: ตรวจสอบเมนู :สร้างคอนเทนต์ โดยกดมาจาก เมนู "นำไปสร้าง" หัวข้อ "เป้าหมายคลิป" กรณี "กดเลือก Tab ในหัวข้อสูตรสร้าง" ระบบแสดงหน้าจอถูกต้อง เงื่อนไข -กดเมนู : นำไปสร้าง -หัวข้อ : สูตรสร้าง - กดเลือก Tab ต่างๆ | F30: Positive | G30: Low | L30: Not Start
A31: ="TC_Create_content_"&(ROW()-ROW($A$12)+1) -> TC_Create_content_20 | B31: ตรวจสอบเมนู : สร้างคลิป หัวข้อ ความยาว กรณี "กด Tab ความยาว " ระบบแสดงหน้าจอถูกต้อง เงื่อนไข -กดเมนู : นำไปสร้าง -หัวข้อ : ความยาว - กดเลือก Tab ต่างๆ | F31: Positive | G31: Low | L31: Not Start
A32: ="TC_Create_content_"&(ROW()-ROW($A$12)+1) -> TC_Create_content_21 | B32: ตรวจสอบเมนู : สร้างคอนเทนต์ "เลือก Tab คลังไวรัล กรณี "สร้างคอนเทนต์จากคลิปต้นแบบ" โดยมีรายละเอียดดังนี้ และ ระบบแสดงหน้าจอถูกต้อง เงื่อนไข - กดปุ่ม : สร้างคอนเทนต์ - เลือก : Tab คลังไวรัล - กดปุ่ม : นำไปสร้าง - หัวข้อคลิป : กรอกข้อมูล - มุมที่อยากเน้น : กรอกข้อมูล - เป้าหมายคลิป : ให้ความรู้ - สูตรสร้าง : อัตโนมัติ - ความยาว : 60 วิ | F32: Positive | G32: High | L32: Not Start
A33: ="TC_Create_content_"&(ROW()-ROW($A$12)+1) -> TC_Create_content_22 | B33: ตรวจสอบเมนู : สร้างคอนเทนต์ เลือก Tab คลังไวรัล สร้างคอนเทนต์จากคลิปต้นแบบ กรณี เลือก เป้าหมายคลิป "เล่าเรื่องสร้างตัวตน และความยาวคลิป 90 วิ" โดยมีรายละเอียดดังนี้ และ ระบบแสดงหน้าจอถูกต้อง เงื่อนไข - กดปุ่ม : สร้างคอนเทนต์ - เลือก : Tab คลังไวรัล - กดปุ่ม : นำไปสร้าง - หัวข้อคลิป : กรอกข้อมูล - มุมที่อยากเน้น : กรอกข้อมูล - เป้าหมายคลิป : เล่าเรื่องสร้างตัวตน - สูตรสร้าง : ทำนายเทรน - ความยาว : 90 วิ - กดปุ่ม : Generate | F33: Positive | G33: High | L33: Not Start
A34: ="TC_Create_content_"&(ROW()-ROW($A$12)+1) -> TC_Create_content_23 | B34: ตรวจสอบ กรณี หลังจากกดปุ่ม Generate ระบบสร้าง สคริปมาให้เลือกสูงสุด 3 แบบ และ "รายละเอียด beats" ในกล่องสคริป โดยมีรายละเอียดดังนี้ และ ระบบแสดงหน้าจอถูกต้อง เงื่อนไข - กดปุ่ม : ดู "รายละเอียด beats" ในกล่องสคริป | F34: Positive | G34: Medium | L34: Not Start
A35: ="TC_Create_content_"&(ROW()-ROW($A$12)+1) -> TC_Create_content_24 | B35: ตรวจสอบ กรณี เลือกสคริปต์ คะแนน A 9.0/10 กดปุ่ม "ใช้แบบนี้" ในกล่องสคริป ระบบแสดงหน้าจอถัดไปถูกต้อง เงื่อนไข - กดปุ่ม : ใช้แบบนี้ | F35: Positive | G35: Medium | L35: Not Start
A36: ="TC_Create_content_"&(ROW()-ROW($A$12)+1) -> TC_Create_content_25 | B36: ตรวจสอบ หน้า สคริปต์ กรณี กด ปุ่ม "คัดลอกสคริปต์" และ "กำหนดวันโพสต์ : วันที่ + 3 / เดือน/ ปี ปัจจุบัน " ระบบแสดงหน้าจอถูกต้อง เงื่อนไข - กดปุ่ม : คัดลอกสคริปต์ - กำหนดวันโพสต์ : วันที่ ปจจ + 3 / เดือน/ ปี ปัจจุบัน | F36: Positive | G36: Medium | L36: Not Start
A37: ="TC_Create_content_"&(ROW()-ROW($A$12)+1) -> TC_Create_content_26 | B37: ตรวจสอบ หน้า สคริปต์ กรณี กด ปุ่ม "คัดลอกสคริปต์" และ กำหนดวันโพสต์ "วันที่ย้อนหลัง / เดือนย้อนหลัง / ปี ปัจจุบัน" ระบบแสดงหน้าจอถูกต้อง เงื่อนไข - กดปุ่ม : คัดลอกสคริปต์ - กำหนดวันโพสต์ : "วันที่ย้อนหลัง / เดือนย้อนหลัง / ปี ปัจจุบัน" | F37: Positive | G37: Medium | L37: Not Start
A38: ="TC_Create_content_"&(ROW()-ROW($A$12)+1) -> TC_Create_content_27 | B38: ตรวจสอบ หน้า สคริปต์ กรณี กด ปุ่ม "คัดลอกบรีฟทั้งหมด" และ "ไม่กำหนดวันโพสต์" ระบบแสดงหน้าจอถูกต้อง เงื่อนไข - กดปุ่ม : คัดลอกสคริปต์ - กำหนดวันโพสต์ : ไม่กำหนดวันโพสต์ | F38: Positive | G38: Medium | L38: Not Start
A39: ="TC_Create_content_"&(ROW()-ROW($A$12)+1) -> TC_Create_content_28 | B39: ตรวจสอบ หน้า สคริปต์ กรณี กด ปุ่ม "คัดลอกบรีฟทั้งหมด" และ "ลบสคริปต์" ระบบแสดงหน้าจอถูกต้อง เงื่อนไข - กดปุ่ม : คัดลอกบรีฟทั้งหมด - กดปุ่ม : ลบสคริปต์ - popup : ลบ | F39: Negative | G39: Medium | L39: Not Start
A40: ="TC_Create_content_"&(ROW()-ROW($A$12)+1) -> TC_Create_content_29 | B40: ตรวจสอบ หน้า สคริปต์ กรณี กด ปุ่ม "คัดลอกบรีฟทั้งหมด" และ "ลบสคริปต์" ระบบแสดงหน้าจอถูกต้อง เงื่อนไข - กดปุ่ม : คัดลอกบรีฟทั้งหมด - กดปุ่ม : ลบสคริปต์ - popup : ยกเลิก | F40: Negative | G40: Medium | L40: Not Start
A41: ="TC_Create_content_"&(ROW()-ROW($A$12)+1) -> TC_Create_content_30 | B41: ตรวจสอบ หน้า สคริปต์ กรณี กด ปุ่ม "แก้ไข" Field : "Hook" และกด "บันทึกการแก้ไข" ระบบแสดงหน้าจอถูกต้อง เงื่อนไข - กดปุ่ม : แก้ไข - Field : "Hook" : แก้ไขสคริปต์เพิ่มเติม - กดปุ่ม : "บันทึกการแก้ไข" | F41: Positive | G41: Medium | L41: Not Start
A42: ="TC_Create_content_"&(ROW()-ROW($A$12)+1) -> TC_Create_content_31 | B42: ตรวจสอบเมนู : สร้างคอนเทนต์ เลือก Tab สร้างคลิป เลือก เป้าหมายคลิป "ปิดการขาย และความยาวคลิป 60 วิ" กรณี "ไม่เลือกแบบสคริปต์ที่ AI Gen มาให้" --> กดเมนู "บอร์ดคอนเทนต์" โดยมีรายละเอียดดังนี้ และ ระบบแสดงหน้าจอถูกต้อง เงื่อนไข - กดปุ่ม : สร้างคอนเทนต์ - หัวข้อคลิป : กรอกข้อมูล - มุมที่อยากเน้น : - - เป้าหมายคลิป : ปิดการขาย - สูตรสร้าง : ผลลัพธ์เคสจริง - ความยาว : 60 วิ - กดปุ่ม : Generate - สคริปต์ AI Gen : ไม่เลือก | D42: 1 | E42: -ระบบแสดงรายการ สคริปต์ ที่ AI Gen มาให้โดยมี คะแนน 10/10 ระบุความสมบรูณ์ของสคริป -หน้า บอร์ดคอนเทนต์ แสดงรายการสริปต์ ถูกต้อง | F42: Positive | G42: High | L42: Not Start
A43: ="TC_Create_content_"&(ROW()-ROW($A$12)+1) -> TC_Create_content_32 | B43: ตรวจสอบ หน้า บอร์ดคอนเทนต์ กรณี "ไม่เลือกแบบสคริปต์ที่ AI Gen มาให้" ระบบแสดงหน้าจอถูกต้อง เงื่อนไข - กดปุ่ม : บอร์ดคอนเทนต์ | E43: -หน้า บอร์ดคอนเทนต์ แสดงรายการสริปต์ ถูกต้อง -สคริปต์ที่ไม่ได้เลือก แบบสคริปต์ กล่องสคริปต์ ไม่แสดงรายละเอียดสคริป -แสดงปุ่ม "เลือกแบบก่อน" - แสดงวันที่ / เดือน / ปี ที่กดสร้างวคริปต์ | L43: Not Start
A44: ="TC_Create_content_"&(ROW()-ROW($A$12)+1) -> TC_Create_content_33 | B44: ตรวจสอบ หน้า บอร์ดคอนเทนต์ กรณี กดปุ่ม "เลือกแบบก่อน และเลือกแบบ A" ระบบแสดงหน้าจอถูกต้อง เงื่อนไข - กดปุ่ม : บอร์ดคอนเทนต์ - กด : กล่อง "คอนเทนต์" - กดปุ่ม : เลือกแบบก่อน - กดเลือกแบบ : A | E44: - ระบบแสดงไม่แสดง รายละอียดสคริปต์ - ระบบแสดง แบบ "สคริปต์" A/B/C พร้อมรายละเอียดสคริปต์ และปุ่ม "ใช้แบบนี้" - ระบบแสดงรายละเอียดสคริปต์ ทั้งหมด - ระบบแสดงปุ่ม : คัดลอกสคริปต์ / คัดลอกบรีฟทั้งหมด / แก้ไข - ระบบแสดง กำหนดวันโพสต์ - ระบบแสดง ปุ่ม "ลบสคริปต์" | F44: Positive | G44: Low | L44: Not Start
A45: ="TC_Create_content_"&(ROW()-ROW($A$12)+1) -> TC_Create_content_34 | B45: ตรวจสอบ หน้า บอร์ดคอนเทนต์ กรณี "มีการสร้างสคริปต์ = 1 สคริปต์" ระบบแสดงหน้าจอถูกต้อง เงื่อนไข - กดปุ่ม : บอร์ดคอนเทนต์ | E45: - ระบบแสดง หน้า บอร์ดคอนเทนต์ มีรายการ "กล่องคอนเทนต์" แสดงอยู่ 1 รายการ ถูกต้อง - กล่องคอนเทนต์ แสดง"รายละเอียด" สคริปต์ ที่ AI Gen ให้ จากแบบที่เลือก A/B/C จากที่ผู้ใช้งานเลือก - แสดงวันที่ / เดือน / ปี ที่กดสร้างวคริปต์ - แสดงปุ่ม คัดลอกสคริปต์ / คัดลอกบรีฟทั้งหมด | F45: Positive | G45: Low | L45: Not Start
A46: ="TC_Create_content_"&(ROW()-ROW($A$12)+1) -> TC_Create_content_35 | B46: ตรวจสอบ หน้า บอร์ดคอนเทนต์ กรณี "มีการสร้างสคริปต์ > 3 สคริปต์ และกดที่ "พื้นที่ว่าง" ในกล่องคอนเทนต์ " ระบบแสดงหน้าจอถูกต้อง เงื่อนไข - กดปุ่ม : บอร์ดคอนเทนต์ - กล่องคอนเทนต์ : กดพื้นที่ว่าง | E46: - ระบบแสดงรายละเอียดสคริปต์ ทั้งหมด - ระบบแสดงปุ่ม : คัดลอกสคริปต์ / คัดลอกบรีฟทั้งหมด / แก้ไข - ระบบแสดง กำหนดวันโพสต์ - ระบบแสดง ปุ่ม "ลบสคริปต์" | F46: Positive | G46: Low | L46: Not Start
A47: ="TC_Create_content_"&(ROW()-ROW($A$12)+1) -> TC_Create_content_36 | B47: ตรวจสอบ หน้า บอร์ดคอนเทนต์ กรณี ทำการค้นหาสคริป "สกินแคร์" โดยเลือก drop down : ใหม่สุด ระบบแสดงหน้าจอถูกต้อง เงื่อนไข - กดปุ่ม : บอร์ดคอนเทนต์ - ช่อง Search : Search สคริปต์ที่มีอยู่ - drop down : ใหม่สุด | E47: - ระบบแสดง หน้า บอร์ดคอนเทนต์ มีรายการ "กล่องคอนเทนต์" แสดงอยู่ >3 รายการ ถูกต้อง - กล่องคอนเทนต์ แสดง"รายละเอียด" สคริปต์ ที่ AI Gen ให้ จากแบบที่เลือก A/B/C จากที่ผู้ใช้งานเลือก - แสดงวันที่ / เดือน / ปี ที่กดสร้างวคริปต์ - แสดงปุ่ม คัดลอกสคริปต์ / คัดลอกบรีฟทั้งหมด | F47: Positive | G47: Medium | L47: Not Start
A48: ="TC_Create_content_"&(ROW()-ROW($A$12)+1) -> TC_Create_content_37 | B48: ตรวจสอบ หน้า บอร์ดคอนเทนต์ กรณี ทำการค้นหาสคริป "การเงิน" โดยเลือก drop down : QC สูงสุด ระบบแสดงหน้าจอถูกต้อง เงื่อนไข - กดปุ่ม : บอร์ดคอนเทนต์ - ช่อง Search : Search สคริปต์ที่มีอยู่ - drop down : QC สูงสุด | E48: - ระบบแสดง หน้า บอร์ดคอนเทนต์ มีรายการ "กล่องคอนเทนต์" แสดงอยู่ >3 รายการ ถูกต้อง - กล่องคอนเทนต์ แสดง"รายละเอียด" สคริปต์ ที่ AI Gen ให้ จากแบบที่เลือก A/B/C จากที่ผู้ใช้งานเลือก - แสดงวันที่ / เดือน / ปี ที่กดสร้างวคริปต์ - แสดงปุ่ม คัดลอกสคริปต์ / คัดลอกบรีฟทั้งหมด | F48: Positive | G48: Medium | L48: Not Start
A49: ="TC_Create_content_"&(ROW()-ROW($A$12)+1) -> TC_Create_content_38 | B49: ตรวจสอบ หน้า บอร์ดคอนเทนต์ กรณี กดดู "รายละเอียดสคริปต์ คอนเทนต์ใดก็ได้" และ "กำหนดวันโพสต์" ระบบแสดงหน้าจอถูกต้อง เงื่อนไข - กดปุ่ม : บอร์ดคอนเทนต์ - กด : กล่อง คอนเทนต์ - กำหนดวันโพสต์ : วันที่ ปจจ + 5 / เดือน /ปี | F49: Positive | G49: Medium | L49: Not Start
A50: ="TC_Create_content_"&(ROW()-ROW($A$12)+1) -> TC_Create_content_39 | B50: ตรวจสอบ หน้า บอร์ดคอนเทนต์ กรณี กดดู "รายละเอียดสคริปต์ คอนเทนต์ใดก็ได้" และแก้ไข "กำหนดวันโพสต์" ระบบแสดงหน้าจอถูกต้อง เงื่อนไข - กดปุ่ม : บอร์ดคอนเทนต์ - กด : กล่อง คอนเทนต์ - แก้ไข : วันที่ย้อนหลัง / เดือนย้อนหลัง /ปี ปจจ | F50: Positive | G50: Medium | L50: Not Start
A51: ="TC_Create_content_"&(ROW()-ROW($A$12)+1) -> TC_Create_content_40 | B51: ตรวจสอบ หน้า บอร์ดคอนเทนต์ กดดู "รายละเอียดสคริปต์ คอนเทนต์ใดก็ได้" กรณี กดปุ่ม "ลบสคริปต์ และ กด "ลบ" ที่ popup" ระบบแสดงหน้าจอถูกต้อง เงื่อนไข - กดปุ่ม : บอร์ดคอนเทนต์ - กด : กล่อง คอนเทนต์ - กด : ลบสคริปต์ - popup ลบสคริปต์ : ลบ | F51: Negative | G51: Low | L51: Not Start
A52: ="TC_Create_content_"&(ROW()-ROW($A$12)+1) -> TC_Create_content_41 | B52: ตรวจสอบ หน้า บอร์ดคอนเทนต์ กรณี กดดู "รายละเอียดสคริปต์ คอนเทนต์ใดก็ได้" กรณี กดปุ่ม "ลบสคริปต์ และ กด "ยกเลิก" ที่ popup" ระบบแสดงหน้าจอถูกต้อง เงื่อนไข - กดปุ่ม : บอร์ดคอนเทนต์ - กด : กล่อง คอนเทนต์ - กด : ลบสคริปต์ - popup ลบสคริปต์ : ยกเลิก | F52: Negative | G52: Low | L52: Not Start
A53: ="TC_Create_content_"&(ROW()-ROW($A$12)+1) -> TC_Create_content_42 | B53: ตรวจสอบ หน้า สไตล์คุณ กรณี "กรอกข้อมูลครบทุก Field" และกดปุ่ม "บันทึกสไตล์" ระบบแสดงหน้าจอถูกต้อง เงื่อนไข - กดปุ่ม : สไตล์คุณ - All field : กรอกข้อมูลสำเร็จ - กดปุ่ม : "บันทึกสไตล์" | E53: - ระบบแสดงข้อมูลบันทึกสไตล์ ถูกต้องตามที่ User กรอกข้อมูล | F53: Negative | G53: High | L53: Not Start
A54: ="TC_Create_content_"&(ROW()-ROW($A$12)+1) -> TC_Create_content_43 | B54: ตรวจสอบ หน้า สไตล์คุณ กรณี "กรอกข้อมูลครบทุก Field " ยกเว้น Field ในหัวข้อ "วิธีพูด" และกดปุ่ม "บันทึกสไตล์" ระบบแสดงหน้าจอถูกต้อง เงื่อนไข - กดปุ่ม : สไตล์คุณ - Some field : กรอกข้อมูลสำเร็จ - กดปุ่ม : "บันทึกสไตล์" | E54: - ระบบแสดงข้อมูลบันทึกสไตล์สำเร็จ | F54: Negative | G54: High | L54: Not Start
A55: ="TC_Create_content_"&(ROW()-ROW($A$12)+1) -> TC_Create_content_44 | B55: ตรวจสอบ หน้า สไตล์คุณ กรณี "กรอกข้อมูลทุก Field ด้วย อักขระพิเศษ" ระบบแสดงหน้าจอถูกต้อง เงื่อนไข - กดปุ่ม : สไตล์คุณ - All field : : กรอกข้อมูลสำเร็จ - กดปุ่ม : "บันทึกสไตล์" | E55: - ระบบแสดงล๊อคไม่ให้ทำการกรอกข้อมูลค้นหาใน Field sarch ได้ | F55: Negative | G55: High | L55: Not Start
A56: ="TC_Create_content_"&(ROW()-ROW($A$12)+1) -> TC_Create_content_45 | B56: ตรวจสอบ หน้า บอร์ดคอนเทนต์ กรณี กดย้ายสถานะคอนเทนต์ "อนุมัติแล้ว" ระบบแสดงหน้าจอถูกต้อง เงื่อนไข - กดปุ่ม : บอร์ดคอนเทนต์ - ย้ายสถานะ : อนุมัติแล้ว | D56: ข้ามไปก่อน อาจจะไม่มีรอ CF | F56: Negative | G56: High | L56: Not Start
A57: ="TC_Create_content_"&(ROW()-ROW($A$12)+1) -> TC_Create_content_46 | B57: ตรวจสอบ หน้า บอร์ดคอนเทนต์ กรณี กดย้ายสถานะคอนเทนต์ "จ่อคิวโพสต์" ระบบแสดงหน้าจอถูกต้อง เงื่อนไข - กดปุ่ม : บอร์ดคอนเทนต์ - ย้ายสถานะ : จ่อคิวโพสต์ | F57: Negative | G57: High | L57: Not Start
A58: ="TC_Create_content_"&(ROW()-ROW($A$12)+1) -> TC_Create_content_47 | B58: ตรวจสอบ หน้า บอร์ดคอนเทนต์ กรณี กดย้ายสถานะคอนเทนต์ "โพสต์แล้ว" ระบบแสดงหน้าจอถูกต้อง เงื่อนไข - กดปุ่ม : บอร์ดคอนเทนต์ - ย้ายสถานะ : โพสต์แล้ว | F58: Negative | G58: High | L58: Not Start
E84: Pass | F84: =COUNTIF(L12:L59,"Pass") -> 0 | G84: =(F84/F90)*100 -> 0 | H84: %
E85: Fail | F85: =COUNTIF(L12:L59,"Pass") -> 0 | G85: =(F85/F90)*100 -> 0 | H85: %
E86: Not Start | F86: =COUNTIF(L12:L59,"Not Start") -> 47 | G86: =(F86/F90)*100 -> 100 | H86: %
E87: Pending | F87: =COUNTIF(L12:L59,"Pending") -> 0 | G87: =(F87/F90)*100 -> 0 | H87: %
E88: Deferred | F88: =COUNTIF(#REF!,"Deferred") -> 0 | G88: =(F88/F90)*100 -> 0 | H88: %
E89: Not Applicable | F89: =COUNTIF(L12:L59,"Not Applicable") -> 0 | G89: =(F89/F90)*100 -> 0 | H89: %
E90: Total | F90: =SUM(F84:F89) -> 47 | G90: =SUM(G84:G89) -> 100 | H90: %
E91: Summary Execute Rate | G91: =G84+G85+G87+G89 -> 0
E92: Summary Pass Rate | G92: =F84/(F90-F89-F87) -> 0

Sheet Business_Profile
B1: =HYPERLINK("#Document!A1", "Refer to sheet Document") -> Refer to sheet Document
A3: Total TC. | B3: =COUNTIF(A11:A83,"TC_*") -> 13
A4: Test Cases ID | B4: Test Case Description | C4: Pre-Conditions | D4: Test Step | E4: Expected Result | F4: Positive/Negative | G4: Priority | H4: Test Data | I4: Tester | J4: Execution Plan | K4: Execution date | L4: Test Result | M4: Remark
A10: CreatorDee
A11: Scenario : Case validations ตั้งค่า "โปรไฟล์ธุรกิจ"
A12: ="TC_Business_Profile_"&(ROW()-ROW($A$12)+1) -> TC_Business_Profile_1 | B12: ตรวจสอบเมนู :โปรไฟล์ธุรกิจ กรณี "กรอกข้อมูลครบถ้วน"ระบบบันทึกข้อมูลและแสดงหน้าจอถูกต้อง | F12: Positive | G12: Medium | L12: Not Start
A13: ="TC_Business_Profile_"&(ROW()-ROW($A$12)+1) -> TC_Business_Profile_2 | B13: ตรวจสอบเมนู :โปรไฟล์ธุรกิจ กรณี Field : ชื่อ/นามปากกา "กรอกข้อมูลอักขระพิเศษ" และกรอกข้อมูล Field อื่นครบถ้วน แล้วกด "บันทึกโปร์ไฟล์" ระบบแสดง error ถูกต้อง | F13: Negative | G13: High | L13: Not Start
A14: ="TC_Business_Profile_"&(ROW()-ROW($A$12)+1) -> TC_Business_Profile_3 | B14: ตรวจสอบเมนู :โปรไฟล์ธุรกิจ กรณี Field : เลขบัตรประชาชน "กรอกตัวเลขเกิน 13 หลัก" และกรอกข้อมูล Field อื่นครบถ้วน แล้วกด "บันทึกโปร์ไฟล์" ระบบแสดง error ถูกต้อง | F14: Negative | G14: High | L14: Not Start
A15: ="TC_Business_Profile_"&(ROW()-ROW($A$12)+1) -> TC_Business_Profile_4 | B15: ตรวจสอบเมนู :โปรไฟล์ธุรกิจ กรณี Field : โทรศัพท์ "กรอกตัวเลขเกิน 10 หลัก" แล้วกด "บันทึกโปร์ไฟล์" ระบบแสดง error ถูกต้อง | F15: Negative | G15: Low | L15: Not Start
A16: ="TC_Business_Profile_"&(ROW()-ROW($A$12)+1) -> TC_Business_Profile_5 | B16: ตรวจสอบเมนู :โปรไฟล์ธุรกิจ กรณี Field : e-mail กรอกข้อมูล "ภาษาไทย/อักขระพิเศษ" แล้วกด "บันทึกโปร์ไฟล์" ระบบแสดง error ถูกต้อง | F16: Negative | G16: Low | L16: Not Start
A17: ="TC_Business_Profile_"&(ROW()-ROW($A$12)+1) -> TC_Business_Profile_6 | B17: ตรวจสอบเมนู :โปรไฟล์ธุรกิจ กรณี "อัปโหลดโลโก้ใหญ่เกิน" ระบบแสดง error ถูกต้อง | F17: Negative | G17: Low | L17: Not Start
A18: ="TC_Business_Profile_"&(ROW()-ROW($A$12)+1) -> TC_Business_Profile_7 | B18: ตรวจสอบเมนู :โปรไฟล์ธุรกิจ กรณี Field เลขบัญชี "กรอกเลขบัญชี เกิน 10 หลัก" ระบบแสดง error ถูกต้อง | F18: Negative | G18: Medium | L18: Not Start
A19: ="TC_Business_Profile_"&(ROW()-ROW($A$12)+1) -> TC_Business_Profile_8 | B19: ตรวจสอบเมนู :โปรไฟล์ธุรกิจ กรณี Field : ชื่อบัญชี "กรอกข้อมูลอักขระพิเศษ" และกรอกข้อมูล Field อื่นครบถ้วน แล้วกด "บันทึกโปร์ไฟล์" ระบบแสดง error ถูกต้อง | F19: Negative | G19: High | L19: Not Start
A20: ="TC_Business_Profile_"&(ROW()-ROW($A$12)+1) -> TC_Business_Profile_9 | B20: ตรวจสอบเมนู :โปรไฟล์ธุรกิจ กรณี Field : พร้อมเพย์ "กรอกตัวเลขเกิน 10 หลัก" ระบบแสดง error ถูกต้อง | F20: Negative | G20: Low | L20: Not Start
A21: ="TC_Business_Profile_"&(ROW()-ROW($A$12)+1) -> TC_Business_Profile_10 | B21: ตรวจสอบเมนู :โปรไฟล์ธุรกิจ กรณี แก้ไขข้อมูล ธนาคาร เลือก "-ไม่ระบุ-" กด "บันทึกโปร์ไฟล์" และไปทำการออกเอหสาร "ใบแจ้งหนี้" ระบบแสดงข้อมูลถูกต้อง | F21: Negative | G21: High | L21: Not Start
A22: ="TC_Business_Profile_"&(ROW()-ROW($A$12)+1) -> TC_Business_Profile_11 | B22: ตรวจสอบเมนู :โปรไฟล์ธุรกิจ กรณี "ไม่ ✔️ จดทะเบียน VAT " และไปออกเอกสาร "ใบเสนอราคา" ระบบแสดงข้อมูลถูกต้อง | F22: Negative | G22: High | L22: Not Start
A23: ="TC_Business_Profile_"&(ROW()-ROW($A$12)+1) -> TC_Business_Profile_12 | B23: ตรวจสอบเมนู :โปรไฟล์ธุรกิจ กรณี "✔️จดทะเบียน VAT " และไปออกเอกสาร "ใบเสนอราคา" ระบบแสดงข้อมูลถูกต้อง | F23: Negative | G23: High | L23: Not Start
A24: ="TC_Business_Profile_"&(ROW()-ROW($A$12)+1) -> TC_Business_Profile_13 | B24: ตรวจสอบเมนู :โปรไฟล์ธุรกิจ กรณี " หัก ณ ที่จ่าย default (%) = 3 " และไปออกเอกสาร "ใบเสนอราคา" ระบบแสดงข้อมูล หัก ณ ที่จ่าย default (%) ถูกต้อง | F24: Negative | G24: High | L24: Not Start
E44: Pass | F44: =COUNTIF(L12:L24,"Pass") -> 0 | G44: =(F44/F50)*100 -> 0 | H44: %
E45: Fail | F45: =COUNTIF(L12:L24,"Pass") -> 0 | G45: =(F45/F50)*100 -> 0 | H45: %
E46: Not Start | F46: =COUNTIF(L12:L24,"Not Start") -> 13 | G46: =(F46/F50)*100 -> 100 | H46: %
E47: Pending | F47: =COUNTIF(L12:L24,"Pending") -> 0 | G47: =(F47/F50)*100 -> 0 | H47: %
E48: Deferred | F48: =COUNTIF(#REF!,"Deferred") -> 0 | G48: =(F48/F50)*100 -> 0 | H48: %
E49: Not Applicable | F49: =COUNTIF(L12:L24,"Not Applicable") -> 0 | G49: =(F49/F50)*100 -> 0 | H49: %
E50: Total | F50: =SUM(F44:F49) -> 13 | G50: =SUM(G44:G49) -> 100 | H50: %
E51: Summary Execute Rate | G51: =G44+G45+G47+G49 -> 0
E52: Summary Pass Rate | G52: =F44/(F50-F49-F47) -> 0

Sheet User_Package
B1: =HYPERLINK("#Document!A1", "Refer to sheet Document") -> Refer to sheet Document
A3: Total TC. | B3: =COUNTIF(A12:A78,"TC_*") -> 62
A4: Test Cases ID | B4: Test Case Description | C4: Pre-Conditions | D4: Test Step | E4: Expected Result | F4: Positive/Negative | G4: Priority | H4: Test Data | I4: Tester | J4: Execution Package | K4: Execution date | L4: Test Result | M4: Remark
A10: Scenario : Case validations : เมนู "แพ็กเกจสมาชิก"
A11: ="TC_User_Package_"&(ROW()-ROW($A$11)+1) -> TC_User_Package_1 | B11: ตรวจสอบเมนู : แพ็กเกจสมาชิก กรณี : User สมัครใช้งานครั้งแรก - New User | E11: 1. ระบบต้อง default ที่ Free Package 2. แสดงปุ่มทดลองใช้งานฟรี 14 วันที่ตัว Pro Package | F11: Positive | G11: High | I11: James | K11: 46237 | L11: PASS
A12: ="TC_User_Package_"&(ROW()-ROW($A$11)+1) -> TC_User_Package_2 | B12: ตรวจสอบเมนู : แพ็กเกจสมาชิก กรณี : User เคยใช้ตัว Pro แต่ยกเลิกการ subscription ไปแล้ว - Old User | E12: 1. ระบบต้อง default ที่ Free Package 2. ไม่แสดงปุ่มทดลองใช้งานฟรี 14 วันที่ตัว Pro Package | F12: Positive | G12: High | I12: James | K12: 46237 | L12: PASS
A13: ="TC_User_Package_"&(ROW()-ROW($A$11)+1) -> TC_User_Package_3 | B13: ตรวจสอบเมนู : แพ็กเกจสมาชิก กรณี : User สมัครใช้งานครั้งแรก และ ทำการทดลองใช้ตัว Pro Package 14 วัน - New User - Activate Free Trial | C13: Pre-Conditions | E13: 1. ระบบต้อง default ที่ Pro Package 2. แสดงวันที่ต่ออายุอัตโนมัติ (14 วันหลังจากจากรับสิทธิ์ ทดลองใช้งาน) 3. แสดงปุ่ม "จัดการการเรียกเก็บเงิน" | F13: Positive | G13: High | I13: James | K13: 46238 | L13: PASS | M13: https://trello.com/c/9qRGckij
A14: ="TC_User_Package_"&(ROW()-ROW($A$11)+1) -> TC_User_Package_4 | B14: ตรวจสอบเมนู : แพ็กเกจสมาชิก กรณี : User สมัครใช้งานครั้งแรก และ ซื้อ Pro Package เลยแบบรายเดือน (ข้ามทดลองใช้งาน) - ไม่เคยใช้ Free Trial - ซื้อรายเดือน | C14: Pre-Conditions | E14: 1. ระบบต้อง default ที่ Pro Package 2. แสดงวันที่ต่ออายุอัตโนมัติ (44 วันหลังจากสมัคร -> Pro Package (30 days) + Free trial (14 days) 2. แสดงวันที่ต่ออายุอัตโนมัติ 30 วันหลังจากสมัคร -> Pro Package (30 days) 3. แสดงปุ่ม "จัดการการเรียกเก็บเงิน" | F14: Positive | G14: High | I14: James | K14: 46237 | L14: PASS
A15: ="TC_User_Package_"&(ROW()-ROW($A$11)+1) -> TC_User_Package_5 | B15: ตรวจสอบเมนู : แพ็กเกจสมาชิก กรณี : User สมัครใช้งานครั้งแรก และ ซื้อ Pro Package เลยแบบรายปี (ข้ามทดลองใช้งาน) - ไม่เคยใช้ Free Trial - ซื้อรายปี | C15: Pre-Conditions | E15: 1. ระบบต้อง default ที่ Pro Package 2. แสดงวันที่ต่ออายุอัตโนมัติ (379 วันหลังจากสมัคร -> Pro Package (365 days) + Free trial (14 days) 2. แสดงวันที่ต่ออายุอัตโนมัติ 365 วันหลังจากสมัคร -> Pro Package (365 days) 3. ราคาต้องถูกลง 2 เดือน 4. แสดงปุ่ม "จัดการการเรียกเก็บเงิน" | F15: Positive | G15: High | I15: James | K15: 46237 | L15: PASS
A16: ="TC_User_Package_"&(ROW()-ROW($A$11)+1) -> TC_User_Package_6 | B16: ตรวจสอบเมนู : แพ็กเกจสมาชิก กรณี : User กำลังอยู่ในช่วงทดลองใช้งาน Pro และตัดสินใจสมัคร Package Pro - Free Trial Activating - ซื้อแพ็กเกจ Pro | C16: Pre-Conditions | E16: 1. ระบบต้อง default ที่ Pro Package 2. แสดงวันที่ต่ออายุอัตโนมัติ (วันที่คงเหลือของ Free Trail + วันที่ของ package ที่ซื้อ (Monthly/Weekly)) 2. ระบบต้อง Reset วันที่คงเหลือตาม package ที่ซื้อ (โดยไม่เอาวันที่คงเหลือของ Free trial มาบวก) 3. แสดงปุ่ม "จัดการการเรียกเก็บเงิน" | F16: Positive | G16: High | I16: James | K16: 46238 | L16: PASS
A17: ="TC_User_Package_"&(ROW()-ROW($A$11)+1) -> TC_User_Package_7 | B17: ตรวจสอบเมนู : แพ็กเกจสมาชิก กรณี : User ใช้แพ็กเกจแบบรายเดือนอยู่ และ ปล่อยให้ระบบต่ออายุอัตโนมัติ แบบมีวงเงินในบัตรเครดิตเพียงพอ - รายเดือน - ต่ออายุอัตโนมัติ | C17: Pre-Conditions | E17: 1. ระบบสามารถต่ออายุได้ 2. แสดงวันที่ต่ออายุอัตโนมัติ (30 วันหลังจากวันที่ต่ออายุ) 3. แสดงปุ่ม "จัดการการเรียกเก็บเงิน" | F17: Positive | G17: High | I17: James | K17: 46238 | L17: FAIL | M17: https://trello.com/c/mJi7vaRw
A18: ="TC_User_Package_"&(ROW()-ROW($A$11)+1) -> TC_User_Package_8 | B18: ตรวจสอบเมนู : แพ็กเกจสมาชิก กรณี : User ใช้แพ็กเกจแบบรายปีอยู่ และ ปล่อยให้ระบบต่ออายุอัตโนมัติ แบบมีวงเงินในบัตรเครดิตเพียงพอ - รายปี - ต่ออายุอัตโนมัติ | C18: Pre-Conditions | E18: 1. ระบบสามารถต่ออายุได้ 2. แสดงวันที่ต่ออายุอัตโนมัติ (425 วันหลังจากวันที่ต่ออายุ) 3. แสดงปุ่ม "จัดการการเรียกเก็บเงิน" | F18: Positive | G18: High | I18: James | K18: 46238 | L18: FAIL | M18: https://trello.com/c/mJi7vaRw
A19: ="TC_User_Package_"&(ROW()-ROW($A$11)+1) -> TC_User_Package_9 | B19: ตรวจสอบเมนู : แพ็กเกจสมาชิก กรณี : User ปล่อยให้ระบบต่ออายุอัตโนมัติ แต่มีการเปลี่ยนบัตรเครดิตที่จะใช้ชำระเงิน - ต่ออายุอัตโนมัติ - เปลี่ยนบัตรเครดิตที่ใช้ตัดเงิน | C19: Pre-Conditions | E19: 1. ระบบสามารถต่ออายุได้ 2. เงินจะต้องถูกหักจากบัตรเครดิตใบใหม่ 3. แสดงวันที่ต่ออายุอัตโนมัติ 4. แสดงปุ่ม "จัดการการเรียกเก็บเงิน" | F19: Positive | G19: High | L19: Blocked | M19: ไม่มี data ของบัตรเครดิตที่ใช้งานได้ อีกใบ
A20: ="TC_User_Package_"&(ROW()-ROW($A$11)+1) -> TC_User_Package_10 | B20: ตรวจสอบเมนู : แพ็กเกจสมาชิก กรณี : User ปล่อยให้ระบบต่ออายุอัตโนมัติ แต่มีวงเงินในบัตรเครดิตไม่เพียงพอ | C20: Pre-Conditions | E20: 1. ระบบไม่สามารถต่ออายุได้ 2. User รายนี้กลับไปเป็น Free Package | F20: Negative | G20: High | I20: James | K20: 46238 | L20: PASS
A21: ="TC_User_Package_"&(ROW()-ROW($A$11)+1) -> TC_User_Package_11 | B21: ตรวจสอบเมนู : แพ็กเกจสมาชิก กรณี : User ปล่อยให้ระบบต่ออายุอัตโนมัติ แต่บัตรหมดอายุ | C21: Pre-Conditions | D21: Current month = 07/2026 EXP credit card = 07/2026 New Month = 08/2026 -> | E21: 1. ระบบไม่สามารถต่ออายุได้ 2. User รายนี้กลับไปเป็น Free Package | F21: Negative | G21: High | I21: James | K21: 46238 | L21: PASS
A22: ="TC_User_Package_"&(ROW()-ROW($A$11)+1) -> TC_User_Package_12 | B22: ตรวจสอบเมนู : แพ็กเกจสมาชิก กรณี : User ทำการซื้อ Pro Package แบบรายเดือน ด้วยการสแกนจ่าย QR Code - QR Code - รายเดือน | C22: Pre-Conditions | D22: Pay 1 = 01/07 Pay 2 = 02/07 -> + Membership 30 days | E22: 1. ระบบต้อง default ที่ Pro Package 2. แสดงวันที่ต่ออายุอัตโนมัติ (30 วันหลังจากซื้อแพ็กเกจ) 3. แสดงปุ่ม "จัดการการเรียกเก็บเงิน" | F22: Positive | G22: High | I22: James | K22: 46238 | L22: PASS
A23: ="TC_User_Package_"&(ROW()-ROW($A$11)+1) -> TC_User_Package_13 | B23: ตรวจสอบเมนู : แพ็กเกจสมาชิก กรณี : User ทำการซื้อ Pro Package แบบรายปี ด้วยการสแกนจ่าย QR Code - QR Code - รายปี | C23: Pre-Conditions | D23: Pay 1 = 01/07 Pay 2 = 02/07 -> + Membership 30 days | E23: 1. ระบบต้อง default ที่ Pro Package 2. แสดงวันที่ต่ออายุอัตโนมัติ (425 วันหลังจากซื้อแพ็กเกจ) 3. แสดงปุ่ม "จัดการการเรียกเก็บเงิน" | F23: Positive | G23: High | I23: James | K23: 46238 | L23: PASS
A24: ="TC_User_Package_"&(ROW()-ROW($A$11)+1) -> TC_User_Package_14 | B24: ตรวจสอบเมนู : แพ็กเกจสมาชิก กรณี : User ทำการ Cancel Subscription โดยไม่กรอกเหตุผลในการยกเลิก - Cancel with no reason - Monthly - ได้รับ Email | C24: Pre-Conditions | E24: 1. สามารถทำการยกเลิกได้ 2. User ยังคงสามารถเข้าถึง features ของ Pro Package ได้ถึงวันที่กำหนด 3. แสดง Label "แผนของคุณจะหมดวันที่ xx" 4. แสดงปุ่ม "จัดการการเรียกเก็บเงิน" | F24: Positive | G24: High | L24: Not Start
A25: ="TC_User_Package_"&(ROW()-ROW($A$11)+1) -> TC_User_Package_15 | B25: ตรวจสอบเมนู : แพ็กเกจสมาชิก กรณี : User ทำการ Cancel Subscription โดยทำการกรอกเหตุผลในการยกเลิก - Cancel with a reason - Monthly - ได้รับ Email | C25: Pre-Conditions | E25: 1. สามารถทำการยกเลิกได้ 2. User ยังคงสามารถเข้าถึง features ของ Pro Package ได้ถึงวันที่กำหนด 3. แสดง Label "แผนของคุณจะหมดวันที่ xx" 4. แสดงปุ่ม "จัดการการเรียกเก็บเงิน" | F25: Positive | G25: High | L25: Not Start
A26: ="TC_User_Package_"&(ROW()-ROW($A$11)+1) -> TC_User_Package_16 | B26: ตรวจสอบเมนู : แพ็กเกจสมาชิก กรณี : User ทำการ Cancel Subscription โดยไม่กรอกเหตุผลในการยกเลิก - Cancel with no reason - Yearly - ได้รับ Email | C26: Pre-Conditions | E26: 1. สามารถทำการยกเลิกได้ 2. User ยังคงสามารถเข้าถึง features ของ Pro Package ได้ถึงวันที่กำหนด 3. แสดง Label "แผนของคุณจะหมดวันที่ xx" 4. แสดงปุ่ม "จัดการการเรียกเก็บเงิน" | F26: Positive | G26: High | L26: Not Start
A27: ="TC_User_Package_"&(ROW()-ROW($A$11)+1) -> TC_User_Package_17 | B27: ตรวจสอบเมนู : แพ็กเกจสมาชิก กรณี : User ทำการ Cancel Subscription โดยทำการกรอกเหตุผลในการยกเลิก - Cancel with a reason - Yearly - ได้รับ Email | C27: Pre-Conditions | E27: 1. สามารถทำการยกเลิกได้ 2. User ยังคงสามารถเข้าถึง features ของ Pro Package ได้ถึงวันที่กำหนด 3. แสดง Label "แผนของคุณจะหมดวันที่ xx" 4. แสดงปุ่ม "จัดการการเรียกเก็บเงิน" | F27: Positive | G27: High | L27: Not Start
A28: ="TC_User_Package_"&(ROW()-ROW($A$11)+1) -> TC_User_Package_18 | B28: ตรวจสอบเมนู : แพ็กเกจสมาชิก กรณี : User ทำการ Cancel Subscription และรอให้เลยวันสุดท้ายของ Pro Package - Cancel and wait for Pro period to run out | C28: Pre-Conditions | E28: 1. User กลับไปเป็น Free Package (ระบบต้องไม่ต่ออายุให้ User รายนั้น) | F28: Positive | G28: High | L28: Not Start
A29: ="TC_User_Package_"&(ROW()-ROW($A$11)+1) -> TC_User_Package_19 | B29: ตรวจสอบเมนู : แพ็กเกจสมาชิก กรณี : User ทำการ Cancel Subscription ไปแล้วแต่เปลี่ยนใจจะไม่ยกเลิก (Renew Subscription) - Renew subscription | C29: Pre-Conditions | E29: 1. ระบบต้องทำการ Renew ได้สำเร็จ 2. พอถึงวันต่ออายุอัตโนมัติ ระบบต้องทำการต่ออายุให้ | F29: Positive | G29: High | I29: James | K29: 46238 | L29: PASS
A30: Scenario : สิ่งที่ User ที่ใช้ Free Package ทำได้
A31: ="TC_User_Package_"&(ROW()-ROW($A$11)+1-1) -> TC_User_Package_20 | B31: ตรวจสอบเมนู : ดีล (Free Package) กรณี : User ยังสร้างดีลไม่ครบ 3 ดีล | E31: 1. ระบบจะยัง enable ปุ่ม "เพิ่มดีล" ให้ลูกค้าสามารถเพิ่มดีลได้อยู่ | F31: Positive | G31: Medium | I31: James | K31: 46238 | L31: PASS
A32: ="TC_User_Package_"&(ROW()-ROW($A$11)+1-1) -> TC_User_Package_21 | B32: ตรวจสอบเมนู : ดีล (Free Package) กรณี : User สร้างดีลครบ 3 ดีล | E32: 1. ระบบจะยัง enable ปุ่ม "เพิ่มดีล" แต่เมื่อกดแล้วจะแสดง popup ให้ไปสมัคร package pro | F32: Positive | G32: Medium | I32: James | K32: 46238 | L32: PASS
A33: ="TC_User_Package_"&(ROW()-ROW($A$11)+1-1) -> TC_User_Package_22 | B33: ตรวจสอบเมนู : ดีล (Free Package) กรณี : User สร้างดีลครบ 3 ดีลแต่มีการลบไป 1 ดีล | E33: 1. ระบบจะยัง enable ปุ่ม "เพิ่มดีล" ให้ลูกค้าสามารถเพิ่มดีลได้อยู่ | F33: Positive | G33: Medium | I33: James | K33: 46238 | L33: PASS
A34: ="TC_User_Package_"&(ROW()-ROW($A$11)+1-1) -> TC_User_Package_23 | B34: ตรวจสอบเมนู : ดีล (Free Package) กรณี : User สามารถออกใบเสนอราคา / แจ้งหนี้ / ใบเสร็จ / ใบกำกับภาษี ได้ไม่จำกัด - ออกใบเสนอราคา 2 ใบ - ออกแจ้งหนี้ 2 ใบ - ออกใบเสร็จ 2 ใบ - ใบกำกับภาษี 2 ใบ | E34: 1. User ต้องสามารถออกใบเสนอราคา / แจ้งหนี้ / ใบเสร็จ / ใบกำกับภาษี ได้ไม่จำกัด | F34: Positive | G34: Medium | I34: James | K34: 46238 | L34: PASS
A35: ="TC_User_Package_"&(ROW()-ROW($A$11)+1-1) -> TC_User_Package_24 | B35: ตรวจสอบเมนู : ดีล (Free Package) กรณี : User สามารถบันทึกรับเงินในดีลได้ | E35: 1. User ต้องสามารถบันทึกรับเงินได้ | F35: Positive | G35: Medium | I35: James | K35: 46238 | L35: PASS
A36: ="TC_User_Package_"&(ROW()-ROW($A$11)+1-1) -> TC_User_Package_25 | B36: ตรวจสอบเมนู : คิดเรตงาน (Free Package) กรณี : User สามารถใช้งาน feature ตัวช่วยคิดเรตงานได้ | E36: 1. User ต้องสามารถใช้งาน feature ตัวช่วยคิดเรตงานได้ | F36: Positive | G36: Medium | I36: James | K36: 46238 | L36: PASS
A37: ="TC_User_Package_"&(ROW()-ROW($A$11)+1-1) -> TC_User_Package_26 | B37: ตรวจสอบเมนู : ปฏิทิน (Free Package) กรณี : User สามารถเข้าไปดูปฏิทินคอนเทนต์ได้ | E37: 1. User ต้องสามารถเข้าไปดูปฏิทินคอนเทนต์ได้ | F37: Positive | G37: Medium | I37: James | K37: 46238 | L37: PASS
A38: ="TC_User_Package_"&(ROW()-ROW($A$11)+1-1) -> TC_User_Package_27 | B38: ตรวจสอบเมนู : ปฏิทิน (Free Package) กรณี : User ฟรีต้องใช้งานได้สูงสุด 1 ธุรกิจ | E38: 1. User สามารถมีได้เพียง 1 ธุรกิจ | F38: Positive | G38: Medium | I38: James | K38: 46238 | L38: FAIL | M38: https://trello.com/c/yeRwMM9h
A39: Scenario : สิ่งที่ User ที่ใช้ Free Package ทำไม่ได้
A40: ="TC_User_Package_"&(ROW()-ROW($A$11)+1-2) -> TC_User_Package_28 | B40: ตรวจสอบเมนู : เงินและภาษี (Free Package) กรณี : User ต้องไม่สามารถเข้าถึงเมนู เงินและภาษี ได้ | E40: 1. ระบบต้อง Lock เมนูย่อยทั้งหมดภายใต้ เมนู เงินและภาษี | F40: Negative | G40: Medium | I40: James | K40: 46238 | L40: PASS
A41: ="TC_User_Package_"&(ROW()-ROW($A$11)+1-2) -> TC_User_Package_29 | B41: ตรวจสอบเมนู : เงินและภาษี (Free Package) กรณี : User ต้องไม่สามารถเข้าถึง feature LINE อัตโนมัติ: เก็บดีลจากแชท · เตือน deadline/เงินค้าง | E41: 1. User ต้องไม่สามารถเข้าถึง feature LINE อัตโนมัติ: เก็บดีลจากแชท · เตือน deadline/เงินค้าง | F41: Negative | G41: Medium | I41: James | K41: 46238 | L41: PASS
A42: ="TC_User_Package_"&(ROW()-ROW($A$11)+1-2) -> TC_User_Package_30 | B42: ตรวจสอบเมนู : เงินและภาษี (Free Package) กรณี : User ต้องไม่สามารถเข้าถึง feature Media kit + สถิติผลงาน | E42: 1. User ต้องไม่สามารถเข้าถึง feature Media kit + สถิติผลงาน | F42: Negative | G42: Medium | L42: Deferred | M42: ยังไม่ปล่อย feature นี้
A43: Scenario : สิ่งที่ User ที่ใช้ Pro Package ทำได้
A44: ="TC_User_Package_"&(ROW()-ROW($A$11)+1-3) -> TC_User_Package_31 | B44: ตรวจสอบเมนู : ดีล (Pro Package) กรณี : User ต้องสามารถสร้างดีลได้ไม่จำกัด - ลองสร้างเกิน 3 ดีล | E44: 1. ลูกค้าสามารถเพิ่มดีลได้ไม่จำกัด | F44: Positive | G44: Medium | I44: James | K44: 46238 | L44: PASS
A45: ="TC_User_Package_"&(ROW()-ROW($A$11)+1-3) -> TC_User_Package_32 | B45: ตรวจสอบเมนู : ดีล (Pro Package) กรณี : User สามารถออกใบเสนอราคา / แจ้งหนี้ / ใบเสร็จ ได้ไม่จำกัด - ออกใบเสนอราคา 2 ใบ - ออกแจ้งหนี้ 2 ใบ - ออกใบเสร็จ 2 ใบ | E45: 1. User ต้องสามารถออกใบเสนอราคา / แจ้งหนี้ / ใบเสร็จ ได้ไม่จำกัด | F45: Positive | G45: Medium | I45: James | K45: 46238 | L45: PASS
A46: ="TC_User_Package_"&(ROW()-ROW($A$11)+1-3) -> TC_User_Package_33 | B46: ตรวจสอบเมนู : ดีล (Pro Package) กรณี : User สามารถบันทึกรับเงินในดีลได้ | E46: 1. User ต้องสามารถบันทึกรับเงินได้ | F46: Positive | G46: Medium | I46: James | K46: 46238 | L46: PASS
A47: ="TC_User_Package_"&(ROW()-ROW($A$11)+1-3) -> TC_User_Package_34 | B47: ตรวจสอบเมนู : คิดเรตงาน (Pro Package) กรณี : User สามารถใช้งาน feature ตัวช่วยคิดเรตงานได้ | E47: 1. User ต้องสามารถใช้งาน feature ตัวช่วยคิดเรตงานได้ | F47: Positive | G47: Medium | I47: James | K47: 46238 | L47: PASS
A48: ="TC_User_Package_"&(ROW()-ROW($A$11)+1-3) -> TC_User_Package_35 | B48: ตรวจสอบเมนู : ปฏิทิน (Pro Package) กรณี : User สามารถเข้าไปดูปฏิทินคอนเทนต์ได้ | E48: 1. User ต้องสามารถเข้าไปดูปฏิทินคอนเทนต์ได้ | F48: Positive | G48: Medium | I48: James | K48: 46238 | L48: PASS
A49: ="TC_User_Package_"&(ROW()-ROW($A$11)+1-3) -> TC_User_Package_36 | B49: ตรวจสอบเมนู : ดีล (Pro Package) กรณี : User สามารถเพิ่มธุรกิจได้มากสุด 3 ธุรกิจ | E49: 1. User สามารถเพิ่มธุรกิจได้มากสุด 3 ธุรกิจ 2. ไม่สามารถเพิ่มธุรกิจที่ 4 ได้ | F49: Positive | G49: Medium | I49: James | K49: 46238 | L49: PASS
A50: ="TC_User_Package_"&(ROW()-ROW($A$11)+1-3) -> TC_User_Package_37 | B50: ตรวจสอบเมนู : ดีล (Pro Package) กรณี : User สามารถเพิ่มธุรกิจครบ 3 ธุรกิจ และทำการลบไป 1 ธุรกิจ (Check ว่าระบบจับ flag isDelete ถูก) | E50: 1. User ต้องสามารถเพิ่มธุรกิจได้อีก 1 ธุรกิจ | F50: Positive | G50: Medium | I50: James | K50: 46238 | L50: PASS
A51: ="TC_User_Package_"&(ROW()-ROW($A$11)+1-3) -> TC_User_Package_38 | B51: ตรวจสอบเมนู : เงินและภาษี (Pro Package) กรณี : User สามารถเข้าถึงเมนู เงินและภาษี ได้ | E51: 1. User สามารถเข้าถึงเมนูย่อนภายใต้เมนู เงินและภาษี ได้ทั้งหมด - สรุปการเงิน - ใบ 50 ทวิ - รายจ่าย - เตรียมยื่นภาษี | F51: Positive | G51: Medium | I51: James | K51: 46238 | L51: PASS
A52: ="TC_User_Package_"&(ROW()-ROW($A$11)+1-3) -> TC_User_Package_39 | B52: ตรวจสอบเมนู : เงินและภาษี (Free Package) กรณี : User สามารถเข้าถึง feature LINE อัตโนมัติ: เก็บดีลจากแชท · เตือน deadline/เงินค้าง | E52: 1. User สามารถเข้าถึง feature LINE อัตโนมัติ: เก็บดีลจากแชท · เตือน deadline/เงินค้าง | F52: Positive | G52: Medium | I52: James | K52: 46238 | L52: PASS
A53: ="TC_User_Package_"&(ROW()-ROW($A$11)+1-3) -> TC_User_Package_40 | B53: ตรวจสอบเมนู : เงินและภาษี (Free Package) กรณี : User สามารถเข้าถึง feature Media kit + สถิติผลงาน | E53: 1. User สามารถเข้าถึง feature Media kit + สถิติผลงาน | F53: Positive | G53: Medium | L53: Deferred | M53: ยังไม่ปล่อย feature นี้
A54: Scenario : Validation สำหรับตัว Credit (New Account , Activate Free Trial , Activate Pro Package)
A55: ="TC_User_Package_"&(ROW()-ROW($A$11)+1-4) -> TC_User_Package_41 | B55: ตรวจสอบเมนู : แพ็กเกจสมาชิก กรณี : User สมัครใช้งานครั้งแรกจะต้องได้รับฟรี 5 credits | E55: 1. User สมัครใช้งานครั้งแรกจะต้องได้รับฟรี 5 credits - ใช้ได้ถึง dd month year (Ex. ใช้ได้ถึง 31 กรกฎาคม 2569) ได้ถูกต้อง - รีเซ็ตเป็น 5 เครดิตต้นเดือนถัดไป | F55: Positive | G55: High | L55: Not Start
A56: ="TC_User_Package_"&(ROW()-ROW($A$11)+1-4) -> TC_User_Package_42 | B56: ตรวจสอบเมนู : แพ็กเกจสมาชิก กรณี : User ทำการทดลองใช้งาน 14 วันจะต้องได้รับ 30 credits | E56: 1. User ทำการทดลองใช้งาน 14 วัน ตัว credit จะต้องถูกปรับเป็น 30 credits (ไม่สมทบ credit คงเหลือ) - ใช้ได้ถึง dd month year (Ex. ใช้ได้ถึง 31 กรกฎาคม 2569) ได้ถูกต้อง - รีเซ็ตเป็น 30 เครดิตต้นเดือนถัดไป | F56: Positive | G56: High | L56: Not Start
A57: ="TC_User_Package_"&(ROW()-ROW($A$11)+1-4) -> TC_User_Package_43 | B57: ตรวจสอบเมนู : แพ็กเกจสมาชิก กรณี : User ทำการสมัคร Pro Package ด้วยบัตรเครดิต โดยไม่ได้ทดลองใช้งาน 14 วันจะต้องได้รับ XX credits - Skip free trial - บัตรเครดิต | E57: 1. User ทำการสมัคร Pro Package โดยไม่ได้ทดลองใช้งาน 14 วันจะต้องได้รับ XX credits - ใช้ได้ถึง dd month year (Ex. ใช้ได้ถึง 31 กรกฎาคม 2569) ได้ถูกต้อง - รีเซ็ตเป็น 30 เครดิตต้นเดือนถัดไป | F57: Positive | G57: High | I57: James | K57: 46238 | L57: PASS
A58: ="TC_User_Package_"&(ROW()-ROW($A$11)+1-4) -> TC_User_Package_44 | B58: ตรวจสอบเมนู : แพ็กเกจสมาชิก กรณี : User ทำการสมัคร Pro Package ด้วยบัตรเครดิต แบบรายเดือนจะต้องได้รับ 30 credits - รายเดือน - บัตรเครดิต | E58: 1. User ทำการสมัคร Pro Package แบบรายเดือนตัว credit จะต้องถูกปรับเป็น 30 credits (ไม่สมทบ credit คงเหลือ) - ใช้ได้ถึง dd month year (Ex. ใช้ได้ถึง 31 กรกฎาคม 2569) ได้ถูกต้อง - รีเซ็ตเป็น 30 เครดิตต้นเดือนถัดไป | F58: Positive | G58: High | I58: James | K58: 46238 | L58: PASS
A59: ="TC_User_Package_"&(ROW()-ROW($A$11)+1-4) -> TC_User_Package_45 | B59: ตรวจสอบเมนู : แพ็กเกจสมาชิก กรณี : User ทำการสมัคร Pro Package ด้วยบัตรเครดิต แบบรายปีจะต้องได้รับ 30 credits - รายปี - บัตรเครดิต | E59: 1. User ทำการสมัคร Pro Package แบบรายเดือน ตัว credit จะต้องถูกปรับเป็น 30 credits (ไม่สมทบ credit คงเหลือ) 2. Label ใต้หลอด Remaining Credit แสดง - ใช้ได้ถึง dd month year (Ex. ใช้ได้ถึง 31 กรกฎาคม 2569) ได้ถูกต้อง - รีเซ็ตเป็น 30 เครดิตต้นเดือนถัดไป | F59: Positive | G59: High | I59: James | K59: 46238 | L59: PASS
A60: ="TC_User_Package_"&(ROW()-ROW($A$11)+1-4) -> TC_User_Package_46 | B60: ตรวจสอบเมนู : แพ็กเกจสมาชิก กรณี : ระบบทำการต่ออายุอัตโนมัติให้ user รายนั้น ตัว credit จะต้องถูกปรับเป็น 30 credits | E60: 1. ระบบทำการต่ออายุอัตโนมัติให้ user รายนั้น ตัว credit จะต้องถูกปรับเป็น 30 credits (ไม่สมทบ credit คงเหลือ) | F60: Positive | G60: High | L60: Not Start
A61: ="TC_User_Package_"&(ROW()-ROW($A$11)+1-4) -> TC_User_Package_47 | B61: ตรวจสอบเมนู : แพ็กเกจสมาชิก กรณี : User ทำการสมัคร Pro Package ด้วยการ Scan QR แบบรายเดือนจะต้องได้รับ 30 credits - รายเดือน - Scan QR | E61: 1. User ทำการสมัคร Pro Package แบบรายเดือนตัว credit จะต้องถูกปรับเป็น 30 credits (ไม่สมทบ credit คงเหลือ) 2. Label ใต้หลอด Remaining Credit แสดง - ใช้ได้ถึง dd month year (Ex. ใช้ได้ถึง 31 กรกฎาคม 2569) ได้ถูกต้อง - รีเซ็ตเป็น 5 เครดิตต้นเดือนถัดไป | F61: Positive | G61: High | I61: James | K61: 46238 | L61: PASS
A62: ="TC_User_Package_"&(ROW()-ROW($A$11)+1-4) -> TC_User_Package_48 | B62: ตรวจสอบเมนู : แพ็กเกจสมาชิก กรณี : User ทำการสมัคร Pro Package ด้วยการ Scan QR แบบรายปีจะต้องได้รับ 30 credits - รายปี - Scan QR | E62: 1. User ทำการสมัคร Pro Package แบบรายปีตัว credit จะต้องถูกปรับเป็น 30 credits (ไม่สมทบ credit คงเหลือ) 2. Label ใต้หลอด Remaining Credit แสดง - ใช้ได้ถึง dd month year (Ex. ใช้ได้ถึง 31 กรกฎาคม 2569) ได้ถูกต้อง - รีเซ็ตเป็น 5 เครดิตต้นเดือนถัดไป | F62: Positive | G62: High | I62: James | K62: 46238 | L62: PASS
A63: ="TC_User_Package_"&(ROW()-ROW($A$11)+1-4) -> TC_User_Package_49 | B63: ตรวจสอบเมนู : แพ็กเกจสมาชิก กรณี : User ทำการ Cancel subscription | E63: 1. User จะสามารถใช้ Credit ที่เหลืออยู่ได้จนถึงวันที่กำหนด 2. Label ใต้หลอด Remaining Credit แสดง - รอบเริ่ม dd month year (Ex. รอบเริ่ม 31 กรกฎาคม 2569) - รีเซ็ตเครดิตครั้งถัดไป dd month year (Ex. รีเซ็ตเครดิตครั้งถัดไป 5 กันยายน 2569) | F63: Positive | G63: High | L63: Not Start
A64: ="TC_User_Package_"&(ROW()-ROW($A$11)+1-4) -> TC_User_Package_50 | B64: ตรวจสอบเมนู : แพ็กเกจสมาชิก กรณี : User ทำการ Renew subscription | E64: 1. User จะมี credit เหลือใช้ เท่ากับก่อนที่ user จะกด Cancel subscription 2. Label ใต้หลอด Remaining Credit แสดง - ใช้ได้ถึง dd month year (Ex. ใช้ได้ถึง 31 กรกฎาคม 2569) ได้ถูกต้อง - รีเซ็ตเป็น 30 เครดิตต้นเดือนถัดไป | F64: Positive | G64: High | L64: Not Start
A65: ="TC_User_Package_"&(ROW()-ROW($A$11)+1-4) -> TC_User_Package_51 | B65: ตรวจสอบเมนู : แพ็กเกจสมาชิก กรณี : User ทำการ Cancel subscription และรอให้ถึงเดือนถัดไป (หมดช่วง Pro) | E65: 1. Credit ที่ถูก reset ของ user รายนั้นจะต้องเป็น 5 credits | F65: Positive | G65: High | L65: Not Start
A66: ="TC_User_Package_"&(ROW()-ROW($A$11)+1-4) -> TC_User_Package_52 | B66: ตรวจสอบเมนู : แพ็กเกจสมาชิก กรณี : ระบบจะทำการต่ออายุอัตโนมัติ แต่วงเงินในบัตรเครดิตไม่เพียงพอ | E66: 1. User จะกลับไปเป็น Free Package 2. Credit ที่ถูก reset ของ user รายนั้นจะต้องเป็น 5 credits | F66: Negative | G66: High | L66: Not Start
A67: ="TC_User_Package_"&(ROW()-ROW($A$11)+1-4) -> TC_User_Package_53 | B67: ตรวจสอบเมนู : แพ็กเกจสมาชิก กรณี : ระบบจะทำการต่ออายุอัตโนมัติ แต่บัตรเครดิตหมดอายุ | E67: 1. User จะกลับไปเป็น Free Package 2. Credit ที่ถูก reset ของ user รายนั้นจะต้องเป็น 5 credits | F67: Negative | G67: High | L67: Not Start
A68: Scenario : Validation สำหรับตัว Credit (Buy Credit)
A69: ="TC_User_Package_"&(ROW()-ROW($A$11)+1-5) -> TC_User_Package_54 | B69: ตรวจสอบเมนู : แพ็กเกจสมาชิก กรณี : User ทำการซื้อแพ็ก 50 เครดิต และจ่ายด้วยบัตรเครดิตสำเร็จ - 50 credits - Purchase success - บัตรเครดิต | E69: 1. User จะได้รับในส่วนของ เครดิตเสริม เพิ่มมา 50 credits | F69: Positive | G69: High | L69: PASS
A70: ="TC_User_Package_"&(ROW()-ROW($A$11)+1-5) -> TC_User_Package_55 | B70: ตรวจสอบเมนู : แพ็กเกจสมาชิก กรณี : User ทำการซื้อแพ็ก 50 เครดิต และจ่ายด้วยบัตรเครดิตไม่สำเร็จ (วงเงินไม่พอ) - 50 credits - Purchase fail - บัตรเครดิต | E70: 1. User จะไม่ได้รับในส่วนของ เครดิตเสริม เพิ่ม | F70: Negative | G70: High | L70: PASS
A71: ="TC_User_Package_"&(ROW()-ROW($A$11)+1-5) -> TC_User_Package_56 | B71: ตรวจสอบเมนู : แพ็กเกจสมาชิก กรณี : User ทำการซื้อแพ็ก 50 เครดิต และจ่ายด้วยบัตรเครดิตไม่สำเร็จ (บัตรหมดอายุ) - 50 credits - Purchase fail - บัตรเครดิต | E71: 1. User จะไม่ได้รับในส่วนของ เครดิตเสริม เพิ่ม | F71: Negative | G71: High | L71: PASS
A72: ="TC_User_Package_"&(ROW()-ROW($A$11)+1-5) -> TC_User_Package_57 | B72: ตรวจสอบเมนู : แพ็กเกจสมาชิก กรณี : User ทำการซื้อแพ็ก 50 เครดิต และจ่ายด้วยการ Scan QR - 50 credits - Purchase success - Scan QR | E72: 1. User จะได้รับในส่วนของ เครดิตเสริม เพิ่มมา 50 credits | F72: Positive | G72: High | L72: PASS
A73: ="TC_User_Package_"&(ROW()-ROW($A$11)+1-5) -> TC_User_Package_58 | B73: ตรวจสอบเมนู : แพ็กเกจสมาชิก กรณี : User ทำการซื้อแพ็ก 200 เครดิต และจ่ายด้วยบัตรเครดิตสำเร็จ - 200 credits - Purchase success - บัตรเครดิต | E73: 1. User จะได้รับในส่วนของ เครดิตเสริม เพิ่มมา 200 credits | F73: Positive | G73: High | L73: PASS
A74: ="TC_User_Package_"&(ROW()-ROW($A$11)+1-5) -> TC_User_Package_59 | B74: ตรวจสอบเมนู : แพ็กเกจสมาชิก กรณี : User ทำการซื้อแพ็ก 200 เครดิต และจ่ายด้วยบัตรเครดิตไม่สำเร็จ (วงเงินไม่พอ) - 200 credits - Purchase fail - บัตรเครดิต | E74: 1. User จะไม่ได้รับในส่วนของ เครดิตเสริม เพิ่ม | F74: Negative | G74: High | L74: PASS
A75: ="TC_User_Package_"&(ROW()-ROW($A$11)+1-5) -> TC_User_Package_60 | B75: ตรวจสอบเมนู : แพ็กเกจสมาชิก กรณี : User ทำการซื้อแพ็ก 200 เครดิต และจ่ายด้วยบัตรเครดิตไม่สำเร็จ (บัตรหมดอายุ) - 200 credits - Purchase fail - บัตรเครดิต | E75: 1. User จะไม่ได้รับในส่วนของ เครดิตเสริม เพิ่ม | F75: Negative | G75: High | L75: PASS
A76: ="TC_User_Package_"&(ROW()-ROW($A$11)+1-5) -> TC_User_Package_61 | B76: ตรวจสอบเมนู : แพ็กเกจสมาชิก กรณี : User ทำการซื้อแพ็ก 200 เครดิต และจ่ายด้วยการ Scan QR - 200 credits - Purchase success - Scan QR | E76: 1. User จะได้รับในส่วนของ เครดิตเสริม เพิ่มมา 200 credits | F76: Positive | G76: High | L76: PASS
A77: ="TC_User_Package_"&(ROW()-ROW($A$11)+1-5) -> TC_User_Package_62 | B77: ตรวจสอบเมนู : แพ็กเกจสมาชิก กรณี : User ทำการซื้อเครดิตหลายรอบ - ซื้อแพ็ก 50 เครดิต 2 ครั้ง - ซื้อแพ็ก 200 เครดิต 1 ครั้ง | E77: 1. ระบบต้องแสดงยอดเครดิตเป็น 300 | F77: Positive | G77: High | L77: PASS
A78: ="TC_User_Package_"&(ROW()-ROW($A$11)+1-5) -> TC_User_Package_63 | B78: ตรวจสอบเมนู : แพ็กเกจสมาชิก กรณี : เลยช่วง Reset ของตัวเครดิตตามแผน ต้องไม่กระทบตัว เครดิตเสริม | E78: 1. ยอดของเครดิตเสริมจะไม่ถูก reset และไม่มีวัน expire | F78: Positive | G78: High | L78: Not Start
A79: Scenario : Validation สำหรับตัว Credit (การใช้งาน , การหักเครดิต)
A80: ="TC_User_Package_"&(ROW()-ROW($A$11)+1-6) -> TC_User_Package_64 | B80: ตรวจสอบเมนู : แพ็กเกจสมาชิก กรณี : ใช้งาน feature ที่กินเครดิต แบบที่ เครดิตตามแผน เพียงพอต่อการใช้งาน + เครดิตเสริม ถูก toggle ปิดอยู่ - เครดิตเสริม = Off | E80: 1. ระบบอนุญาตให้ใช้งาน feature นั้น 2. ระบบ calculate ยอดเครดิตคงเหลือให้ถูกต้อง | F80: Positive | G80: High | L80: PASS
A81: ="TC_User_Package_"&(ROW()-ROW($A$11)+1-6) -> TC_User_Package_65 | B81: ตรวจสอบเมนู : แพ็กเกจสมาชิก กรณี : เครดิตตามแผน เหลือ 0 + เครดิตเสริม ถูก toggle ปิดอยู่ - เครดิตเสริม = Off | E81: 1. ระบบต้องไม่อนุญาตให้ใช้งาน feature ที่กินเครดิตต่อได้ 2. ระบบต้องไม่ไปตัดเครดิตในส่วนของ เครดิตเสริม | F81: Negative | G81: High | L81: PASS
A82: ="TC_User_Package_"&(ROW()-ROW($A$11)+1-6) -> TC_User_Package_66 | B82: ตรวจสอบเมนู : แพ็กเกจสมาชิก กรณี : เครดิตตามแผน เหลือ 1 แต่ว่า feature ที่จะใช้งาน require 3 เครดิต + เครดิตเสริม ถูก toggle ปิดอยู่ - เครดิตเสริม = Off Note: ต้องมีแจ้งเตือน credit ไม่พอ + ท่านมีเครดิตเสริม จะเปิดใช้งานไหม | E82: 1. ระบบต้องไม่อนุญาตให้ใช้งาน feature ที่กินเครดิตต่อได้ 2. ระบบต้องไม่ไปตัดเครดิตในส่วนของ เครดิตเสริม | F82: Negative | G82: High | L82: PASS
A83: ="TC_User_Package_"&(ROW()-ROW($A$11)+1-6) -> TC_User_Package_67 | B83: ตรวจสอบเมนู : แพ็กเกจสมาชิก กรณี : ใช้งาน feature ที่กินเครดิต แบบที่ เครดิตตามแผน เพียงพอต่อการใช้งาน + เครดิตเสริม ถูก toggle เปิดอยู่ - เครดิตเสริม = On | E83: 1. ระบบอนุญาตให้ใช้งาน feature นั้น 2. ระบบต้องหักเครดิตจาก เครดิตตามแผน เท่านั้น | F83: Positive | G83: High | L83: PASS
A84: ="TC_User_Package_"&(ROW()-ROW($A$11)+1-6) -> TC_User_Package_68 | B84: ตรวจสอบเมนู : แพ็กเกจสมาชิก กรณี : ใช้งาน feature ที่กินเครดิต แบบที่ เครดิตตามแผน ไม่เพียงพอต่อการใช้งาน + เครดิตเสริม ถูก toggle เปิดอยู่ และเพียงพอต่อการใช้งาน - เครดิตเสริม = On | E84: 1. ระบบอนุญาตให้ใช้งาน feature นั้น 2. ระบบต้องหักเครดิตจาก เครดิตตามแผน จนหมดก่อน แล้วค่อยไปหักส่วนที่เหลือจาก เครดิตเสริม | F84: Positive | G84: High | L84: PASS
A85: ="TC_User_Package_"&(ROW()-ROW($A$11)+1-6) -> TC_User_Package_69 | B85: ตรวจสอบเมนู : แพ็กเกจสมาชิก กรณี : ใช้งาน feature ที่กินเครดิต แบบที่ เครดิตตามแผน ไม่เพียงพอต่อการใช้งาน + เครดิตเสริม ถูก toggle เปิดอยู่ แต่ไม่เพียงพอต่อการใช้งาน (Ex. feature ใช้ 5 credit , เครดิตตามแผน เหลือ 1 , เครดิตเสริม เหลือ 3) - เครดิตเสริม = On Note: ต้องมีแจ้งเตือน credit ไม่พอ | E85: 1. ระบบต้องไม่อนุญาตให้ใช้งาน feature ที่กินเครดิตต่อได้ | F85: Negative | G85: High | L85: PASS
A86: Scenario : User ปรับจาก Pro กลับมาเป็น Free Package
A87: ="TC_User_Package_"&(ROW()-ROW($A$11)+1-7) -> TC_User_Package_70 | B87: ตรวจสอบเมนู : แพ็กเกจสมาชิก กรณี : User มีการเพิ่มธุรกิจไว้ 3 ธุรกิจในช่วง Pro และถูกลดขั้นกลับมาเป็น Free - Check ทั้งแบบเล่นๆ อยู่แล้วหมด Pro พอดีด้วย | E87: 1. ระบบจะทำการ disable 2 ธุรกิจที่เพิ่มมาทีหลัง | F87: Negative | G87: High | I87: James | K87: 46239 | L87: PASS | M87: https://trello.com/c/yeRwMM9h
A88: ="TC_User_Package_"&(ROW()-ROW($A$11)+1-7) -> TC_User_Package_71 | B88: ตรวจสอบเมนู : แพ็กเกจสมาชิก กรณี : User สร้างดีลไว้เกิน 3 ดีลในช่วง Pro และยังเดิน workflow ไม่จบ แต่โดนลดขั้นกลับมาเป็น Free ก่อน | E88: 1. งานที่ทำค้างไว้จะต้องสามารถทำต่อได้ 1. ระบบ lock ดีลที่เกิน 3 (ให้ priority รายการที่ทำมาก่อน) | F88: Negative | G88: Medium | I88: James | K88: 46239 | L88: FAIL | M88: https://trello.com/c/m7RByaJx
A89: ="TC_User_Package_"&(ROW()-ROW($A$11)+1-7) -> TC_User_Package_72 | B89: ตรวจสอบเมนู : แพ็กเกจสมาชิก กรณี : User มีรายการรอแจ้งเตือนผ่าน LINE แต่โดนลดขั้นกลับมาเป็น Free ก่อนจะถึงเวลาส่ง | E89: 1. ระบบต้องไม่ส่ง Notification ไปยัง LINE | F89: Negative | G89: High | I89: James | K89: 46239 | L89: PASS
A90: Scenario : User ปรับจาก Pro รายเดือน มาเป็น รายปี / รายปี มาเป็น รายเดือน
A91: ="TC_User_Package_"&(ROW()-ROW($A$11)+1-8) -> TC_User_Package_73 | B91: ตรวจสอบเมนู : แพ็กเกจสมาชิก กรณี : User ทำการปรับ Package Pro จาก รายเดือน มาเป็น รายปี | E91: 1. หลังจบรอบของรายเดือนปัจจุบัน ระบบต้องต่ออายุให้ User รายนี้เป็นแบบ รายปี | F91: Negative | G91: High | I91: James | K91: 46238 | L91: FAIL | M91: https://trello.com/c/9Yjh6hNr
A92: ="TC_User_Package_"&(ROW()-ROW($A$11)+1-8) -> TC_User_Package_74 | B92: ตรวจสอบเมนู : แพ็กเกจสมาชิก กรณี : User ทำการปรับ Package Pro จาก รายปี มาเป็น รายปี มาเป็น รายเดือน | E92: 1. หลังจบรอบของรายปีปัจจุบัน ระบบต้องต่ออายุให้ User รายนี้เป็นแบบ รายเดือน | F92: Negative | G92: Medium | L92: Not Start | M92: ยังหาวิธีพิสูจน์ไม่ได้ว่าหลังหมดรายปีแล้วระบบเปลี่ยนเป็น รายเดือนให้ไหม
A99: เพิ่ม case Monthly -> Yearly
A100: เพิ่ม case Yearly -> Monthly
E112: Pass | F112: =COUNTIF(L11:L89,"Pass") -> 51 | G112: =(F112/F118)*100 -> 71.830986 | H112: %
E113: Fail | F113: =COUNTIF(L11:L89,"Fail") -> 4 | G113: =(F113/F118)*100 -> 5.6338028 | H113: %
E114: Not Start | F114: =COUNTIF(L11:L89,"Not Start") -> 14 | G114: =(F114/F118)*100 -> 19.71831 | H114: %
E115: Pending | F115: =COUNTIF(L11:L89,"Pending") -> 0 | G115: =(F115/F118)*100 -> 0 | H115: %
E116: Deferred | F116: =COUNTIF(L11:L89,"Deferred") -> 2 | G116: =(F116/F118)*100 -> 2.8169014 | H116: %
E117: Not Applicable | F117: =COUNTIF(L11:L89,"Not Applicable") -> 0 | G117: =(F117/F118)*100 -> 0 | H117: %
E118: Total | F118: =SUM(F112:F117) -> 71 | G118: =SUM(G112:G117) -> 100 | H118: %
E119: Summary Execute Rate | G119: =G112+G113+G115+G117 -> 77.464789
E120: Summary Pass Rate | G120: =F112/(F118-F117-F115) -> 0.71830986

Sheet Calendar
B1: =HYPERLINK("#Document!A1", "Refer to sheet Document") -> Refer to sheet Document
A3: Total TC. | B3: =COUNTIF(A12:A157,"TC_*") -> 79
A4: Test Cases ID | B4: Test Case Description | C4: Pre-Conditions | D4: Test Step | E4: Expected Result | F4: Positive/Negative | G4: Priority | H4: Test Data | I4: Tester | J4: Execution Plan | K4: Execution date | L4: Test Result | M4: Remark
A10: Scenario : Case validations : เมนู "ปฏิทิน" จากการสร้างดีล
A11: ="TC_Calendar_"&(ROW()-ROW($A$11)+1) -> TC_Calendar_1 | B11: ตรวจสอบเมนู : ปฏิทิน กรณี : User ยังไม่เคยมีการสร้างดีล + ไม่ได้เชื่อม Google Calendar | E11: 1. ใน Calendar ไม่มีการลง event ใดๆ 2. มีปุ่มให้กดเพื่อ เชื่อมบัญชี Google 3. มีปุ่มให้กดเพื่อ ไปหน้าดีล | F11: Positive | G11: Medium | I11: James | L11: PASS
A12: ="TC_Calendar_"&(ROW()-ROW($A$11)+1) -> TC_Calendar_2 | B12: ตรวจสอบเมนู : ปฏิทิน กรณี : User มีการสร้างดีลโดยมีเพียง วันที่นัดส่งสคริปต์ให้แบรนด์รีวิว และยังห่างจากวันปัจจุบันเกิน 3 วัน - วันที่นัดส่งสคริปต์ให้แบรนด์รีวิว > (Current date + 3 วัน) | E12: 1. แสดง Event ส่งสคริปต์ - (ชื่อแบรนด์) (Highlight สีชมพู) | F12: Positive | G12: Medium | I12: James | L12: PASS
A13: ="TC_Calendar_"&(ROW()-ROW($A$11)+1) -> TC_Calendar_3 | B13: ตรวจสอบเมนู : ปฏิทิน กรณี : User มีการสร้างดีลโดยมีเพียง วันที่นัดส่งสคริปต์ให้แบรนด์รีวิว และเกือบจะถึง deadline แล้ว (<= 3 วัน) - วันที่นัดส่งสคริปต์ให้แบรนด์รีวิว <= (Current date + 3 วัน) แต่ไม่ต่ำกว่า Current Date | E13: 1. แสดง Event ส่งสคริปต์ - (ชื่อแบรนด์) (Highlight สีชมพู) (จุดเหลือง) | F13: Positive | G13: Medium | I13: James | L13: PASS
A14: ="TC_Calendar_"&(ROW()-ROW($A$11)+1) -> TC_Calendar_4 | B14: ตรวจสอบเมนู : ปฏิทิน กรณี : User มีการสร้างดีลโดยมีเพียง วันที่นัดส่งสคริปต์ให้แบรนด์รีวิว แต่เลย deadline แล้ว (< Current date) - วันที่นัดส่งสคริปต์ให้แบรนด์รีวิว < (Current date) | E14: 1. แสดง Event ส่งสคริปต์ - (ชื่อแบรนด์) (Highlight สีชมพู) (จุดแดง) | F14: Positive | G14: Medium | I14: James | L14: PASS
A15: ="TC_Calendar_"&(ROW()-ROW($A$11)+1) -> TC_Calendar_5 | B15: ตรวจสอบเมนู : ปฏิทิน กรณี : User มีการสร้างดีลโดยมีเพียง วันที่นัดส่งงาน และยังห่างจากวันปัจจุบันเกิน 3 วัน - วันที่นัดส่งงาน > (Current date + 3 วัน) | E15: 1. แสดง Event ส่งงาน - (ชื่อแบรนด์) (Highlight สีฟ้า) | F15: Positive | G15: Medium | I15: James | L15: PASS
A16: ="TC_Calendar_"&(ROW()-ROW($A$11)+1) -> TC_Calendar_6 | B16: ตรวจสอบเมนู : ปฏิทิน กรณี : User มีการสร้างดีลโดยมีเพียง วันที่นัดส่งงาน และเกือบจะถึง deadline แล้ว (<= 3 วัน) - วันที่นัดส่งงาน <= (Current date + 3 วัน) แต่ไม่ต่ำกว่า Current Date | E16: 1. แสดง Event ส่งงาน - (ชื่อแบรนด์) (Highlight สีฟ้า) (จุดเหลือง) | F16: Positive | G16: Medium | I16: James | L16: PASS
A17: ="TC_Calendar_"&(ROW()-ROW($A$11)+1) -> TC_Calendar_7 | B17: ตรวจสอบเมนู : ปฏิทิน กรณี : User มีการสร้างดีลโดยมีเพียง วันที่นัดส่งงาน แต่เลย deadline แล้ว (< Current date) - วันที่นัดส่งงาน < (Current date) | E17: 1. แสดง Event ส่งงาน - (ชื่อแบรนด์) (Highlight สีฟ้า) (จุดแดง) | F17: Positive | G17: Medium | I17: James | L17: PASS
A18: ="TC_Calendar_"&(ROW()-ROW($A$11)+1) -> TC_Calendar_8 | B18: ตรวจสอบเมนู : ปฏิทิน กรณี : User มีการสร้างดีลโดยมีเพียง วันลงงาน / เผยแพร่ และยังห่างจากวันปัจจุบันเกิน 3 วัน - วันที่นัดส่งงาน > (Current date + 3 วัน) | E18: 1. แสดง Event เผยแพร่ - (ชื่อแบรนด์) (Highlight สีฟ้า) | F18: Positive | G18: Medium | I18: James | L18: PASS
A19: ="TC_Calendar_"&(ROW()-ROW($A$11)+1) -> TC_Calendar_9 | B19: ตรวจสอบเมนู : ปฏิทิน กรณี : User มีการสร้างดีลโดยมีเพียง วันลงงาน / เผยแพร่ และเกือบจะถึง deadline แล้ว (<= 3 วัน) - วันลงงาน / เผยแพร่ <= (Current date + 3 วัน) แต่ไม่ต่ำกว่า Current Date | E19: 1. แสดง Event เผยแพร่ - (ชื่อแบรนด์) (Highlight สีฟ้า) (จุดเหลือง) | F19: Positive | G19: Medium | I19: James | L19: Not Start | M19: ไม่แสดงจุดเหลืองกรณีใกล้ถึงวัน
A20: ="TC_Calendar_"&(ROW()-ROW($A$11)+1) -> TC_Calendar_10 | B20: ตรวจสอบเมนู : ปฏิทิน กรณี : User มีการสร้างดีลโดยมีเพียง วันลงงาน / เผยแพร่ แต่เลย deadline แล้ว (< Current date) - วันลงงาน / เผยแพร่ < (Current date) | E20: 1. แสดง Event เผยแพร่ - (ชื่อแบรนด์) (Highlight สีฟ้า) (จุดแดง) | F20: Positive | G20: Medium | I20: James | L20: Not Start | M20: ไม่่แสดงจุดแดงกรณีเลบวัน
A21: ="TC_Calendar_"&(ROW()-ROW($A$11)+1) -> TC_Calendar_11 | B21: ตรวจสอบเมนู : ปฏิทิน กรณี : User มีการสร้างดีลโดยมีเพียง กำหนดจ่ายเงิน และยังห่างจากวันปัจจุบันเกิน 3 วัน - กำหนดจ่ายเงิน > (Current date + 3 วัน) | E21: 1. แสดง Event รับเงิน - (ชื่อแบรนด์) (Highlight สีเหลือง) | F21: Positive | G21: Medium | I21: James | L21: PASS
A22: ="TC_Calendar_"&(ROW()-ROW($A$11)+1) -> TC_Calendar_12 | B22: ตรวจสอบเมนู : ปฏิทิน กรณี : User มีการสร้างดีลโดยมีเพียง วันที่นัดส่งงาน และเกือบจะถึง deadline แล้ว (<= 3 วัน) - วันที่นัดส่งงาน <= (Current date + 3 วัน) แต่ไม่ต่ำกว่า Current Date | E22: 1. แสดง Event รับเงิน - (ชื่อแบรนด์) (Highlight สีเหลือง) (จุดเหลือง) | F22: Positive | G22: Medium | I22: James | L22: PASS
A23: ="TC_Calendar_"&(ROW()-ROW($A$11)+1) -> TC_Calendar_13 | B23: ตรวจสอบเมนู : ปฏิทิน กรณี : User มีการสร้างดีลโดยมีเพียง กำหนดจ่ายเงิน แต่เลย deadline แล้ว (< Current date) - กำหนดจ่ายเงิน < (Current date) | E23: 1. แสดง Event รับเงิน - (ชื่อแบรนด์) (Highlight สีเหลือง) (จุดแดง) | F23: Positive | G23: Medium | I23: James | L23: PASS
A24: ="TC_Calendar_"&(ROW()-ROW($A$11)+1) -> TC_Calendar_14 | B24: ตรวจสอบเมนู : ปฏิทิน กรณี : User มีการสร้างดีลโดยมีเพียง กำหนดระยะเวลาที่ห้ามชน | E24: 1. แสดง Event (ชื่อหมวดที่ห้ามชม) - (ชื่อแบรนด์) (แท่งสีเขียวลากตั้งแต่เริ่ม - สิ้นสุด) | F24: Positive | G24: Medium | I24: James | L24: PASS
A25: ="TC_Calendar_"&(ROW()-ROW($A$11)+1) -> TC_Calendar_15 | B25: ตรวจสอบเมนู : ปฏิทิน กรณี : User มีการสร้างดีลโดยมีการกรอกหลาย Calendar พร้อมกันแต่ทุกอันยังห่างจากวันปัจจุบันเกิน 3 วัน - วันที่นัดส่งสคริปต์ให้แบรนด์รีวิว - วันที่นัดส่งงาน - วันลงงาน / เผยแพร่ - กำหนดจ่ายเงิน - หมวดที่ห้ามชน | E25: 1. แสดง Event ส่งสคริปต์ - (ชื่อแบรนด์) (Highlight สีชมพู) 2. แสดง Event ส่งงาน - (ชื่อแบรนด์) (Highlight สีฟ้า) 3. วันลงงาน / เผยแพร่ (Highlight สีเขียว) 4. แสดง Event รับเงิน - (ชื่อแบรนด์) (Highlight สีเหลือง) 5. แสดง Event (ชื่อหมวดที่ห้ามชม) - (ชื่อแบรนด์) (แท่งสีเขียวลากตั้งแต่เริ่ม - สิ้นสุด) | F25: Positive | G25: Medium | I25: James | L25: PASS
A26: Scenario : Case validations : เมนู "ปฏิทิน" แก้ไขดีลจาก Tab "ข้อมูลดีล" (Edit วันที่)
A27: ="TC_Calendar_"&(ROW()-ROW($A$11)+1-1) -> TC_Calendar_16 | B27: ตรวจสอบเมนู : ปฏิทิน กรณี : User ทำการแก้ไข "วันที่นัดส่งสคริปต์ให้แบรนด์รีวิว" และยังห่างจากวันปัจจุบันเกิน 3 วัน - วันที่นัดส่งสคริปต์ให้แบรนด์รีวิว > (Current date + 3 วัน) | E27: 1. Event ใน calendar เปลี่ยนวันที่ตามที่แก้ไขถูกต้อง 2. แสดง Event ส่งสคริปต์ - (ชื่อแบรนด์) (Highlight สีชมพู) | F27: Positive | G27: Medium | I27: James | L27: PASS
A28: ="TC_Calendar_"&(ROW()-ROW($A$11)+1-1) -> TC_Calendar_17 | B28: ตรวจสอบเมนู : ปฏิทิน กรณี : User ทำการแก้ไข "วันที่นัดส่งสคริปต์ให้แบรนด์รีวิว" และเกือบจะถึง deadline แล้ว (<= 3 วัน) - วันที่นัดส่งสคริปต์ให้แบรนด์รีวิว <= (Current date + 3 วัน) แต่ไม่ต่ำกว่า Current Date | E28: 1. Event ใน calendar เปลี่ยนวันที่ตามที่แก้ไขถูกต้อง 2. แสดง Event ส่งสคริปต์ - (ชื่อแบรนด์) (Highlight สีชมพู) (จุดเหลือง) | F28: Positive | G28: Medium | I28: James | L28: PASS
A29: ="TC_Calendar_"&(ROW()-ROW($A$11)+1-1) -> TC_Calendar_18 | B29: ตรวจสอบเมนู : ปฏิทิน กรณี : User ทำการแก้ไข "วันที่นัดส่งสคริปต์ให้แบรนด์รีวิว" แต่เลย deadline แล้ว (< Current date) - วันที่นัดส่งสคริปต์ให้แบรนด์รีวิว < (Current date) | E29: 1. Event ใน calendar เปลี่ยนวันที่ตามที่แก้ไขถูกต้อง 2. แสดง Event ส่งสคริปต์ - (ชื่อแบรนด์) (Highlight สีชมพู) (จุดแดง) | F29: Positive | G29: Medium | I29: James | L29: PASS
A30: ="TC_Calendar_"&(ROW()-ROW($A$11)+1-1) -> TC_Calendar_19 | B30: ตรวจสอบเมนู : ปฏิทิน กรณี : User ทำการแก้ไข "วันที่นัดส่งงาน " และยังห่างจากวันปัจจุบันเกิน 3 วัน - วันที่นัดส่งงาน > (Current date + 3 วัน) | E30: 1. Event ใน calendar เปลี่ยนวันที่ตามที่แก้ไขถูกต้อง 2. แสดง Event ส่งสคริปต์ - (ชื่อแบรนด์) (Highlight สีฟ้า) | F30: Positive | G30: Medium | I30: James | L30: PASS
A31: ="TC_Calendar_"&(ROW()-ROW($A$11)+1-1) -> TC_Calendar_20 | B31: ตรวจสอบเมนู : ปฏิทิน กรณี : User ทำการแก้ไข "วันที่นัดส่งงาน " และเกือบจะถึง deadline แล้ว (<= 3 วัน) - วันที่นัดส่งงาน <= (Current date + 3 วัน) แต่ไม่ต่ำกว่า Current Date | E31: 1. Event ใน calendar เปลี่ยนวันที่ตามที่แก้ไขถูกต้อง 2. แสดง Event ส่งสคริปต์ - (ชื่อแบรนด์) (Highlight สีฟ้า) (จุดเหลือง) | F31: Positive | G31: Medium | I31: James | L31: PASS
A32: ="TC_Calendar_"&(ROW()-ROW($A$11)+1-1) -> TC_Calendar_21 | B32: ตรวจสอบเมนู : ปฏิทิน กรณี : User ทำการแก้ไข "วันที่นัดส่งงาน " แต่เลย deadline แล้ว (< Current date) - วันที่นัดส่งงาน < (Current date) | E32: 1. Event ใน calendar เปลี่ยนวันที่ตามที่แก้ไขถูกต้อง 2. แสดง Event ส่งสคริปต์ - (ชื่อแบรนด์) (Highlight สีฟ้า) (จุดแดง) | F32: Positive | G32: Medium | I32: James | L32: PASS
A33: ="TC_Calendar_"&(ROW()-ROW($A$11)+1-1) -> TC_Calendar_22 | B33: ตรวจสอบเมนู : ปฏิทิน กรณี : User ทำการแก้ไข "วันลงงาน / เผยแพร่" และยังห่างจากวันปัจจุบันเกิน 3 วัน - วันลงงาน / เผยแพร่ > (Current date + 3 วัน) | E33: 1. Event ใน calendar เปลี่ยนวันที่ตามที่แก้ไขถูกต้อง 2. แสดง Event ส่งสคริปต์ - (ชื่อแบรนด์) (Highlight สีฟ้า) | F33: Positive | G33: Medium | L33: N/A | M33: ขึ้น highlight สีเขียวอย่างเดียวตลอด
A34: ="TC_Calendar_"&(ROW()-ROW($A$11)+1-1) -> TC_Calendar_23 | B34: ตรวจสอบเมนู : ปฏิทิน กรณี : User ทำการแก้ไข "วันลงงาน / เผยแพร่" และเกือบจะถึง deadline แล้ว (<= 3 วัน) - วันลงงาน / เผยแพร่ <= (Current date + 3 วัน) แต่ไม่ต่ำกว่า Current Date | E34: 1. Event ใน calendar เปลี่ยนวันที่ตามที่แก้ไขถูกต้อง 2. แสดง Event ส่งสคริปต์ - (ชื่อแบรนด์) (Highlight สีฟ้า) (จุดเหลือง) | F34: Positive | G34: Medium | L34: N/A
A35: ="TC_Calendar_"&(ROW()-ROW($A$11)+1-1) -> TC_Calendar_24 | B35: ตรวจสอบเมนู : ปฏิทิน กรณี : User ทำการแก้ไข "วันลงงาน / เผยแพร่" แต่เลย deadline แล้ว (< Current date) - วันลงงาน / เผยแพร่ < (Current date) | E35: 1. Event ใน calendar เปลี่ยนวันที่ตามที่แก้ไขถูกต้อง 2. แสดง Event ส่งสคริปต์ - (ชื่อแบรนด์) (Highlight สีฟ้า) (จุดแดง) | F35: Positive | G35: Medium | L35: N/A
A36: ="TC_Calendar_"&(ROW()-ROW($A$11)+1-1) -> TC_Calendar_25 | B36: ตรวจสอบเมนู : ปฏิทิน กรณี : User ทำการแก้ไข "กำหนดจ่ายเงิน" และยังห่างจากวันปัจจุบันเกิน 3 วัน - กำหนดจ่ายเงิน > (Current date + 3 วัน) | E36: 1. Event ใน calendar เปลี่ยนวันที่ตามที่แก้ไขถูกต้อง 2. แสดง Event ส่งสคริปต์ - (ชื่อแบรนด์) (Highlight สีเหลือง) | F36: Positive | G36: Medium | L36: Not Start
A37: ="TC_Calendar_"&(ROW()-ROW($A$11)+1-1) -> TC_Calendar_26 | B37: ตรวจสอบเมนู : ปฏิทิน กรณี : User ทำการแก้ไข "กำหนดจ่ายเงิน" และเกือบจะถึง deadline แล้ว (<= 3 วัน) - กำหนดจ่ายเงิน <= (Current date + 3 วัน) แต่ไม่ต่ำกว่า Current Date | E37: 1. Event ใน calendar เปลี่ยนวันที่ตามที่แก้ไขถูกต้อง 2. แสดง Event ส่งสคริปต์ - (ชื่อแบรนด์) (Highlight สีเหลือง) (จุดเหลือง) | F37: Positive | G37: Medium | L37: Not Start
A38: ="TC_Calendar_"&(ROW()-ROW($A$11)+1-1) -> TC_Calendar_27 | B38: ตรวจสอบเมนู : ปฏิทิน กรณี : User ทำการแก้ไข "กำหนดจ่ายเงิน" แต่เลย deadline แล้ว (< Current date) - กำหนดจ่ายเงิน < (Current date) | E38: 1. Event ใน calendar เปลี่ยนวันที่ตามที่แก้ไขถูกต้อง 2. แสดง Event ส่งสคริปต์ - (ชื่อแบรนด์) (Highlight สีเหลือง) (จุดแดง) | F38: Positive | G38: Medium | L38: Not Start
A39: ="TC_Calendar_"&(ROW()-ROW($A$11)+1-1) -> TC_Calendar_28 | B39: ตรวจสอบเมนู : ปฏิทิน กรณี : User ทำการแก้ไข ระยะเวลาการห้ามชน | E39: 1. Event ใน calendar เปลี่ยนวันที่เริ่มต้น - สิ้นสุด ระยะเวลาห้ามชนได้ถูกต้อง | F39: Positive | G39: Medium | L39: Not Start
A40: Scenario : Case validations : เมนู "ปฏิทิน" แก้ไขดีลจาก Tab "ข้อมูลดีล" (ลบข้อมูลของ field วันที่นั้นๆ)
A41: ="TC_Calendar_"&(ROW()-ROW($A$11)+1-2) -> TC_Calendar_29 | B41: ตรวจสอบเมนู : ปฏิทิน กรณี : User ทำการลบ "วันที่นัดส่งสคริปต์ให้แบรนด์รีวิว" | E41: 1. Event วันที่นัดส่งสคริปต์ให้แบรนด์รีวิว ของแบรนด์นี้ต้องหายไปจาก calendar | F41: Positive | G41: Medium | L41: Not Start
A42: ="TC_Calendar_"&(ROW()-ROW($A$11)+1-2) -> TC_Calendar_30 | B42: ตรวจสอบเมนู : ปฏิทิน กรณี : User ทำการลบ "วันที่นัดส่งงาน " | E42: 1. Event วันที่นัดส่งงาน ของแบรนด์นี้ต้องหายไปจาก calendar | F42: Positive | G42: Medium | L42: Not Start
A43: ="TC_Calendar_"&(ROW()-ROW($A$11)+1-2) -> TC_Calendar_31 | B43: ตรวจสอบเมนู : ปฏิทิน กรณี : User ทำการลบ "วันลงงาน / เผยแพร่" | E43: 1. Event วันลงงาน / เผยแพร่ ของแบรนด์นี้ต้องหายไปจาก calendar | F43: Positive | G43: Medium | L43: Not Start
A44: ="TC_Calendar_"&(ROW()-ROW($A$11)+1-2) -> TC_Calendar_32 | B44: ตรวจสอบเมนู : ปฏิทิน กรณี : User ทำการลบ "กำหนดจ่ายเงิน" | E44: 1. Event กำหนดจ่ายเงิน ของแบรนด์นี้ต้องหายไปจาก calendar | F44: Positive | G44: Medium | L44: Not Start
A45: ="TC_Calendar_"&(ROW()-ROW($A$11)+1-2) -> TC_Calendar_33 | B45: ตรวจสอบเมนู : ปฏิทิน กรณี : User ทำการลบ "หมวดที่ห้ามชน" | E45: 1. Event ห้ามชน ของแบรนด์นี้ต้องหายไปจาก calendar | F45: Positive | G45: Medium | L45: Not Start
A46: Scenario : Case validations : เมนู "ปฏิทิน" จากการปรับสถานะใน Tab "งาน / สคริปต์"
A47: ="TC_Calendar_"&(ROW()-ROW($A$11)+1-3) -> TC_Calendar_34 | B47: ตรวจสอบเมนู : ปฏิทิน กรณี : User ส่งสคริปต์ให้แบรนด์รีวิว | E47: 1. Event ใน calendar แสดงเป็นวันที่เดิมที่กรอกใน field "วันที่นัดส่งสคริปต์ให้แบรนด์รีวิว" ตอนสร้างดีล + Highlight สีชมพูอ่อน | F47: Positive | G47: Medium | L47: Not Start
A48: ="TC_Calendar_"&(ROW()-ROW($A$11)+1-3) -> TC_Calendar_35 | B48: ตรวจสอบเมนู : ปฏิทิน กรณี : User ส่งสคริปต์ให้แบรนด์แล้ว แต่แบรนด์ขอแก้สคริปต์แบบไม่ระบุวันที่นัดส่งสคริปต์แก้รอบถัดไป - แบรนด์ขอแก้สคริปต์ไม่ระบุวันที่นัดส่งสคริปต์แก้รอบถัดไป | E48: 1. Event ใน calendar แสดงเป็นวันที่เดิมที่กรอกใน field "วันที่นัดส่งสคริปต์ให้แบรนด์รีวิว" ตอนสร้างดีล + Highlight สีชมพูอ่อน | F48: Positive | G48: Medium | L48: Not Start
A49: ="TC_Calendar_"&(ROW()-ROW($A$11)+1-3) -> TC_Calendar_36 | B49: ตรวจสอบเมนู : ปฏิทิน กรณี : User ส่งสคริปต์ให้แบรนด์แล้ว แต่แบรนด์ขอแก้สคริปต์โดยระบุวันที่นัดส่งสคริปต์แก้รอบถัดไป - แบรนด์ขอแก้สคริปต์โดยระบุวันที่นัดส่งสคริปต์แก้รอบถัดไป | E49: 1. Event ใน calendar จะต้องเปลี่ยนวันที่ จาก "วันที่นัดส่งสคริปต์ให้แบรนด์รีวิว" เป็น "วันที่นัดส่งสคริปต์แก้รอบถัดไป" + Highlight สีชมพูอ่อน | F49: Positive | G49: Medium | L49: Not Start
A50: ="TC_Calendar_"&(ROW()-ROW($A$11)+1-3) -> TC_Calendar_37 | B50: ตรวจสอบเมนู : ปฏิทิน กรณี : วันที่นัดส่งสคริปต์แก้รอบถัดไป ยังห่างจากวันปัจจุบันเกิน 3 วัน - วันที่นัดส่งสคริปต์แก้รอบถัดไป > (Current date + 3 วัน) | E50: 1. แสดง Event ส่งสคริปต์ - (ชื่อแบรนด์) (Highlight สีชมพู) | F50: Positive | G50: Medium | L50: Not Start
A51: ="TC_Calendar_"&(ROW()-ROW($A$11)+1-3) -> TC_Calendar_38 | B51: ตรวจสอบเมนู : ปฏิทิน กรณี : วันที่นัดส่งสคริปต์แก้รอบถัดไป เกือบจะถึง deadline แล้ว (<= 3 วัน) - วันที่นัดส่งสคริปต์แก้รอบถัดไป <= (Current date + 3 วัน) แต่ไม่ต่ำกว่า Current Date | E51: 1. แสดง Event ส่งสคริปต์ - (ชื่อแบรนด์) (Highlight สีชมพู) (จุดเหลือง) | F51: Positive | G51: Medium | L51: Not Start
A52: ="TC_Calendar_"&(ROW()-ROW($A$11)+1-3) -> TC_Calendar_39 | B52: ตรวจสอบเมนู : ปฏิทิน กรณี : วันที่นัดส่งสคริปต์แก้รอบถัดไป เลย deadline แล้ว (< Current date) - วันที่นัดส่งสคริปต์แก้รอบถัดไป < (Current date) | E52: 1. แสดง Event ส่งสคริปต์ - (ชื่อแบรนด์) (Highlight สีชมพู) (จุดแดง) | F52: Positive | G52: Medium | L52: Not Start
A53: ="TC_Calendar_"&(ROW()-ROW($A$11)+1-3) -> TC_Calendar_40 | B53: ตรวจสอบเมนู : ปฏิทิน กรณี : User ทำการปรับสถานะของสคริปต์เป็น "ส่งสคริปต์แก้แล้ว" | E53: 1. Event "ส่งสคริปต์" ต้องหายไปจาก Calendar | F53: Positive | G53: Medium | L53: Not Start
A54: ="TC_Calendar_"&(ROW()-ROW($A$11)+1-3) -> TC_Calendar_41 | B54: ตรวจสอบเมนู : ปฏิทิน กรณี : User ทำการปรับสถานะของสคริปต์เป็น "สคริปต์ผ่านแล้ว" | E54: 1. Event "ส่งสคริปต์" ต้องหายไปจาก Calendar | F54: Positive | G54: Medium | L54: Not Start
A55: ="TC_Calendar_"&(ROW()-ROW($A$11)+1-3) -> TC_Calendar_42 | B55: ตรวจสอบเมนู : ปฏิทิน กรณี : User ส่งงาน ให้แบรนด์รีวิวแล้ว | E55: 1. Event ใน calendar แสดงเป็นวันที่เดิมที่กรอกใน field "วันที่นัดส่งงาน " ตอนสร้างดีล + Highlight สีฟ้าอ่อน | F55: Positive | G55: Medium | L55: Not Start
A56: ="TC_Calendar_"&(ROW()-ROW($A$11)+1-3) -> TC_Calendar_43 | B56: ตรวจสอบเมนู : ปฏิทิน กรณี : User ส่งงาน ให้แบรนด์แล้ว แต่แบรนด์ขอแก้ Draft แบบไม่ระบุวันที่นัดส่งงาน แก้รอบถัดไป - แบรนด์ขอแก้ Draft แบบไม่ระบุวันที่นัดส่งงาน แก้รอบถัดไป | E56: 1. Event ใน calendar แสดงเป็นวันที่เดิมที่กรอกใน field "วันที่นัดส่งงาน " ตอนสร้างดีล + Highlight สีฟ้าอ่อน | F56: Positive | G56: Medium | L56: Not Start
A57: ="TC_Calendar_"&(ROW()-ROW($A$11)+1-3) -> TC_Calendar_44 | B57: ตรวจสอบเมนู : ปฏิทิน กรณี : User ส่งงาน ให้แบรนด์แล้ว แต่แบรนด์ขอแก้ Draft โดยระบุวันที่นัดส่งงาน แก้รอบถัดไป - แบรนด์ขอแก้ Draft โดยระบุวันที่นัดส่งงาน แก้รอบถัดไป | E57: 1. Event ใน calendar จะต้องเปลี่ยนวันที่ จาก "วันที่นัดส่งงาน " เป็น "วันที่นัดส่งงาน แก้รอบถัดไป" + Highlight สีฟ้าอ่อน | F57: Positive | G57: Medium | L57: Not Start
A58: ="TC_Calendar_"&(ROW()-ROW($A$11)+1-3) -> TC_Calendar_45 | B58: ตรวจสอบเมนู : ปฏิทิน กรณี : วันที่นัดส่งงาน แก้รอบถัดไป ยังห่างจากวันปัจจุบันเกิน 3 วัน - วันที่นัดส่งงาน แก้รอบถัดไป > (Current date + 3 วัน) | E58: 1. แสดง Event ส่งงาน - (ชื่อแบรนด์) (Highlight สีฟ้า) | F58: Positive | G58: Medium | L58: Not Start
... A65: ="TC_Calendar_"&(ROW()-ROW($A$11)+1-3) -> TC_Calendar_52 | B65: ตรวจสอบเมนู : ปฏิทิน กรณี : User ทำการปรับสถานะของงานและรอบแก้เป็น "งานผ่านแล้ว" (Case Over Limit) - Over Limit | E65: 1. Event "ส่งงาน" ต้องหายไปจาก Calendar | F65: Positive | G65: Medium | L65: Not Start
A66: Scenario : Case validations : เมนู "ปฏิทิน" จากการเพิ่มงวดใน Tab "งาน / สคริปต์"
A67: ="TC_Calendar_"&(ROW()-ROW($A$11)+1-4) -> TC_Calendar_53 | B67: ตรวจสอบเมนู : ปฏิทิน กรณี : User ทำการเพิ่มงวดเงิน แบบไม่ระบุวันกำหนดชำระ | E67: 1. Event ใน calendar จับจาก "กำหนดจ่ายเงิน" ตอนสร้างดีล | F67: Positive | G67: Medium | L67: Not Start
A68: ="TC_Calendar_"&(ROW()-ROW($A$11)+1-4) -> TC_Calendar_54 | B68: ตรวจสอบเมนู : ปฏิทิน กรณี : User ทำการเพิ่มงวดเงิน แบบระบุวันกำหนดชำระ | E68: 1. Event ใน calendar จับจากวัน "กำหนดชำระ" ตอนเพิ่มงวด | F68: Positive | G68: Medium | L68: Not Start
A69: ="TC_Calendar_"&(ROW()-ROW($A$11)+1-4) -> TC_Calendar_55 | B69: ตรวจสอบเมนู : ปฏิทิน กรณี : User ทำการเพิ่มหลายงวดเงิน โดยมีเงื่อนไขดังนี้ - งวด 1 ไม่ระบุวันที่ "กำหนดชำระ" - งวด 2 ระบุวันที่ "กำหนดชำระ" | E69: 1. ใน Calendar จะต้องมี 2 event | F69: Positive | G69: Medium | L69: Not Start
A70: ="TC_Calendar_"&(ROW()-ROW($A$11)+1-4) -> TC_Calendar_56 | B70: ตรวจสอบเมนู : ปฏิทิน กรณี : User ทำการเพิ่มหลายงวดเงิน โดยมีเงื่อนไขดังนี้ - งวด 1 ระบุวันที่ "กำหนดชำระ" - งวด 2 ระบุวันที่ "กำหนดชำระ" - 2 งวดนี้ระบุคนละวันที่กัน | E70: 1. ใน Calendar จะต้องมี 2 event แสดงตามวันที่ของทั้ง 2 งวด | F70: Positive | G70: Medium | L70: Not Start
A71: ="TC_Calendar_"&(ROW()-ROW($A$11)+1-4) -> TC_Calendar_57 | B71: ตรวจสอบเมนู : ปฏิทิน กรณี : User ทำการเพิ่มหลายงวดเงิน โดยมีเงื่อนไขดังนี้ - งวด 1 ระบุวันที่ "กำหนดชำระ" - งวด 2 ระบุวันที่ "กำหนดชำระ" - 2 งวดนี้ระบุวันที่เดียวกัน | E71: 1. ใน Calendar จะต้องมี 2 event แสดงตามวันที่ของทั้ง 2 งวด | F71: Positive | G71: Medium | L71: Not Start
A72: Scenario : Case validations : เมนู "ปฏิทิน" จากการรับเงินใน Tab "งาน / สคริปต์"
A73: ="TC_Calendar_"&(ROW()-ROW($A$11)+1-5) -> TC_Calendar_58 | B73: ตรวจสอบเมนู : ปฏิทิน กรณี : User ทำการรับเงินแบบเต็มจำนวน | E73: 1. สถานะจะถูกปรับเป็น "จ่ายแล้ว" 2. Event ใน Calendar ควรจะเหลือแค่ วันลงงาน / เผยแพร่ (ปรับเป็นสีเข้ม) | F73: Positive | G73: Medium | L73: Not Start
A74: ="TC_Calendar_"&(ROW()-ROW($A$11)+1-5) -> TC_Calendar_59 | B74: ตรวจสอบเมนู : ปฏิทิน กรณี : User ทำการรับเงินแบบบางส่วน | E74: 1. สถานะจะยังค้างอยู่ที่เดิมก่อนกด "รับเงิน" 2. Event ใน Calendar ยังแสดงเหมือนเดิม | F74: Positive | G74: Medium | L74: Not Start
A75: ="TC_Calendar_"&(ROW()-ROW($A$11)+1-5) -> TC_Calendar_60 | B75: ตรวจสอบเมนู : ปฏิทิน กรณี : User ทำการรับเงินจากงวดที่มีการระบุวัน | E75: 1. สถานะจะยังค้างอยู่ที่เดิมก่อนกด "รับเงิน" 2. Event "รับเงิน" ใน Calendar ของวันที่นั้นจะหายไป | F75: Positive | G75: Medium | L75: Not Start
A76: ="TC_Calendar_"&(ROW()-ROW($A$11)+1-5) -> TC_Calendar_61 | B76: ตรวจสอบเมนู : ปฏิทิน กรณี : User ทำการรับเงินหลายงวดจนยอดครบ | E76: 1. สถานะจะถูกปรับเป็น "จ่ายแล้ว" 2. Event ใน Calendar ควรจะเหลือแค่ วันลงงาน / เผยแพร่ (ปรับเป็นสีเข้ม) | F76: Positive | G76: Medium | L76: Not Start
A77: Scenario : Case validations : เมนู "ปฏิทิน" จากการลบรายการ Tab "งาน / สคริปต์"
A78: ="TC_Calendar_"&(ROW()-ROW($A$11)+1-6) -> TC_Calendar_62 | B78: ตรวจสอบเมนู : ปฏิทิน กรณี : รายการเป็น "จ่ายแล้ว" แต่ User ทำการ ลบ record ภายใต้ section "เงินที่รับมา" ออก | E78: 1. สถานะจะถูกปรับเป็น "รอจ่าย" 2. Event ใน Calendar จะกลับไปเหมือนก่อนที่รายการจะเป็น "จ่ายแล้ว" | F78: Positive | G78: Medium | L78: Not Start
A79: ="TC_Calendar_"&(ROW()-ROW($A$11)+1-6) -> TC_Calendar_63 | B79: ตรวจสอบเมนู : ปฏิทิน กรณี : User ทำการ ลบ record ที่ตั้งงวดแบบไม่ระบุวันที่ออก | F79: Positive | G79: Medium | L79: Not Start
A80: ="TC_Calendar_"&(ROW()-ROW($A$11)+1-6) -> TC_Calendar_64 | B80: ตรวจสอบเมนู : ปฏิทิน กรณี : User ทำการ ลบ record ที่ตั้งงวดแบบระบุวันที่ออก | E80: 1. Event "รับเงิน" ใน Calendar ของวันที่นั้นจะหายไป | F80: Positive | G80: Medium | L80: Not Start
A81: Scenario : Case validations : เมนู "ปฏิทิน" ปรับสถานะของดีล
A82: ="TC_Calendar_"&(ROW()-ROW($A$11)+1-7) -> TC_Calendar_65 | B82: ตรวจสอบเมนู : ปฏิทิน กรณี : User ทำการปรับสถานะดีลเป็น "ตกลงราคา" | E82: 1. สถานะจะถูกปรับเป็น "ตกลงราคา" 2. Event ใน Calendar จะแสดงไม่แตกต่างจากเดิม | F82: Positive | G82: Medium | L82: Not Start
A83: ="TC_Calendar_"&(ROW()-ROW($A$11)+1-7) -> TC_Calendar_66 | B83: ตรวจสอบเมนู : ปฏิทิน กรณี : User ทำการปรับสถานะดีลเป็น "กำลังทำงาน" | E83: 1. สถานะจะถูกปรับเป็น "กำลังทำงาน" 2. Event ใน Calendar จะแสดงไม่แตกต่างจากเดิม | F83: Positive | G83: Medium | L83: Not Start
A84: ="TC_Calendar_"&(ROW()-ROW($A$11)+1-7) -> TC_Calendar_67 | B84: ตรวจสอบเมนู : ปฏิทิน กรณี : User ทำการปรับสถานะดีลเป็น "จ่ายแล้ว" (กดจาก บันทึกรับเงิน) | E84: 1. สถานะจะถูกปรับเป็น "จ่ายแล้ว" 2. Event ใน Calendar จะแสดงเพียง "เผยแพร่" และเปลี่ยนพื้นหลังเป็นสีเข้ม | F84: Positive | G84: Medium | L84: Not Start
A85: ="TC_Calendar_"&(ROW()-ROW($A$11)+1-7) -> TC_Calendar_68 | B85: ตรวจสอบเมนู : ปฏิทิน กรณี : User ทำการปรับสถานะดีลเป็น "ยกเลิก" | E85: 1. สถานะจะถูกปรับเป็น "ยกเลิก" 2. Event ใน Calendar ของดีลนั้นจะหายไปทั้งหมด | F85: Negative | G85: Medium | L85: Not Start
A86: ="TC_Calendar_"&(ROW()-ROW($A$11)+1-7) -> TC_Calendar_69 | B86: ตรวจสอบเมนู : ปฏิทิน กรณี : User ทำการปรับสถานะดีลจาก "จ่ายแล้ว" กลับมาเป็น "ทาบทาม" | E86: 1. สถานะจะถูกปรับเป็น "ทาบทาม" 2. Event ใน Calendar ทั้งหมดของดีลนี้จะกลับไปเหมือนก่อนที่จะปรับสถานะเป็น "จ่ายแล้ว" | F86: Positive | G86: Medium | L86: Not Start
A87: ="TC_Calendar_"&(ROW()-ROW($A$11)+1-7) -> TC_Calendar_70 | B87: ตรวจสอบเมนู : ปฏิทิน กรณี : User ทำการลบดีลทิ้ง | E87: 1. ดีลนี้จะหายไป 2. Event ใน Calendar ของดีลนั้นจะหายไปทั้งหมด | F87: Negative | G87: Medium | L87: Not Start
A88: Scenario : Case validations : เมนู "ปฏิทิน" โดย User ทำการ Connect / Disconnect Google Calendar
A89: ="TC_Calendar_"&(ROW()-ROW($A$11)+1-8) -> TC_Calendar_71 | B89: ตรวจสอบเมนู : ปฏิทิน กรณี : User ทำการเชื่อมต่อ Google Calendar | E89: 1. Event บน Google Calendar จะต้องถูกนำมาแสดงในเมนู "ปฏิทิน" | F89: Positive | G89: Medium | L89: Not Start
A90: ="TC_Calendar_"&(ROW()-ROW($A$11)+1-8) -> TC_Calendar_72 | B90: ตรวจสอบเมนู : ปฏิทิน กรณี : User ทำตัดการเชื่อมต่อ Google Calendar | E90: 1. Event บน Google Calendar จะต้องถูกนำออกไปจากเมนู "ปฏิทิน" | F90: Negative | G90: Medium | L90: Not Start
A91: ="TC_Calendar_"&(ROW()-ROW($A$11)+1-8) -> TC_Calendar_73 | B91: ตรวจสอบเมนู : ปฏิทิน กรณี : User ทำการเชื่อมต่อ Google Calendar และไป add event ใน Google Calendar (เพื่อ make sure ว่าไม่ได้ดึง event มาแค่ตอนเชื่อมครั้งแรก) | E91: 1. Event บน Google Calendar จะต้องถูกนำมาแสดงในเมนู "ปฏิทิน" | F91: Positive | G91: Medium | L91: Not Start
A92: ="TC_Calendar_"&(ROW()-ROW($A$11)+1-8) -> TC_Calendar_74 | B92: ตรวจสอบเมนู : ปฏิทิน กรณี : User ทำการทำการปิด "แสดงนัดจาก Google" | E92: 1. Event ที่มาจาก Google Calendar จะต้องถูกซ่อนจากปฏิทิน ทั้งหมด | F92: Positive | G92: Medium | L92: Not Start
A93: Scenario : Case validations : เมนู "ปฏิทิน" โดย User เปลี่ยนมุมมองการ View ข้อมูล
A94: ="TC_Calendar_"&(ROW()-ROW($A$11)+1-9) -> TC_Calendar_75 | B94: ตรวจสอบเมนู : ปฏิทิน กรณี : User เลือกแสดงข้อมูลแบบ "เดือน" | E94: 1. ระบบจะแสดงข้อมูลในรูปแบบ "ปฏิทิน" | F94: Positive | G94: Medium | L94: Not Start
A95: ="TC_Calendar_"&(ROW()-ROW($A$11)+1-9) -> TC_Calendar_76 | B95: ตรวจสอบเมนู : ปฏิทิน กรณี : User เลือกแสดงข้อมูลแบบ "รายการ" | E95: 1. ระบบจะแสดงข้อมูลในรูปแบบ List รายการโดย sorting ด้วยวันที่ น้อยไปมาก | F95: Positive | G95: Medium | L95: Not Start
A96: Scenario : Case validations : เมนู "ปฏิทิน" โดย User ทำ action ต่างๆ
A97: ="TC_Calendar_"&(ROW()-ROW($A$11)+1-10) -> TC_Calendar_77 | B97: ตรวจสอบเมนู : ปฏิทิน กรณี : User กดไปที่ event ที่เกิดจาก app Creator Dee | E97: 1. ระบบนำไปยังข้อมูลของดีลนั้น | F97: Positive | G97: Medium | L97: Not Start
A98: ="TC_Calendar_"&(ROW()-ROW($A$11)+1-10) -> TC_Calendar_78 | B98: ตรวจสอบเมนู : ปฏิทิน กรณี : User กดไปที่ event ที่มาจาก Google Calendar | E98: 1. ระบบเปิด Google Calendar ขึ้นมาพร้อม View Detail ของรายการนั้นให้ | F98: Positive | G98: Medium | L98: Not Start
A99: ="TC_Calendar_"&(ROW()-ROW($A$11)+1-10) -> TC_Calendar_79 | B99: ตรวจสอบเมนู : ปฏิทิน กรณี : User ทำการเปลี่ยนเดือน | E99: 1. ต้องสามารถเปลี่ยนได้ | F99: Positive | G99: Medium | L99: Not Start
A100: ="TC_Calendar_"&(ROW()-ROW($A$11)+1-10) -> TC_Calendar_80 | B100: ตรวจสอบเมนู : ปฏิทิน กรณี : User ทำการเปลี่ยนเดือน และกดปุ่ม วันนี้ | E100: 1. ระบบดีดกลับไปที่เดือนปัจจุบัน | F100: Positive | G100: Medium | L100: Not Start
A114: Calendar ทั้ง app | B114: สถานะ | D114: แสดงใน ปฏิทิน | E114: Pass | F114: =COUNTIF(L2:L79,"Pass") -> 19 | G114: =(F114/F120)*100 -> 24.675325 | H114: %
A115: วันที่นัดส่งสคริปต์ให้แบรนด์รีวิว | B115: ปกติ | D115: ส่งสคริปต์ - (ชื่อแบรนด์) (สีชมพู) | E115: Fail | F115: =COUNTIF(L2:L79,"Fail") -> 0 | G115: =(F115/F120)*100 -> 0 | H115: %
B116: ใกล้ถึง | D116: ส่งสคริปต์ - (ชื่อแบรนด์) (สีชมพู - จุดเหลือง) | E116: Not Start | F116: =COUNTIF(L2:L100,"Not Start") -> 58 | G116: =(F116/F120)*100 -> 75.324675 | H116: %
B117: เลยกำหนด | D117: ส่งสคริปต์ - (ชื่อแบรนด์) (สีชมพู - จุดแดง) | E117: Pending | F117: =COUNTIF(L2:L100,"Pending") -> 0 | G117: =(F117/F120)*100 -> 0 | H117: %
A118: วันที่นัดส่งงาน | B118: ปกติ | D118: ส่งงาน - (ชื่อแบรนด์) (สีฟ้า) | E118: Deferred | F118: =COUNTIF(L2:L100,"Deferred") -> 0 | G118: =(F118/F120)*100 -> 0 | H118: %
B119: ใกล้ถึง | D119: ส่งงาน - (ชื่อแบรนด์) (สีฟ้า - จุดเหลือง) | E119: Not Applicable | F119: =COUNTIF(L2:L100,"Not Applicable") -> 0 | G119: =(F119/F120)*100 -> 0 | H119: %
B120: เลยกำหนด | D120: ส่งงาน - (ชื่อแบรนด์) (สีฟ้า - จุดแดง) | E120: Total | F120: =SUM(F114:F119) -> 77 | G120: =SUM(G114:G119) -> 100 | H120: %
A121: วันลงงาน / เผยแพร่ | B121: ปกติ | D121: Defect | E121: Summary Execute Rate | G121: =G114+G115+G117+G119 -> 24.675325
B122: ใกล้ถึง | D122: Defect | E122: Summary Pass Rate | G122: =F114/(F120-F119-F117) -> 0.24675325
B123: เลยกำหนด | D123: Defect
A124: กำหนดจ่ายเงิน | B124: ปกติ | D124: รับเงิน - (ชื่อแบรนด์)(สีเหลือง)
B125: ใกล้ถึง | D125: รับเงิน - (ชื่อแบรนด์) (สีเหลือง - จุดเหลือง)
...

Sheet Team
B1: =HYPERLINK("#Document!A1", "Refer to sheet Document") -> Refer to sheet Document
A3: Total TC. | B3: =COUNTIF(#REF!,"TC_*") -> 0
A4: Test Cases ID | B4: Test Case Description | C4: Pre-Conditions | D4: Test Step | E4: Expected Result | F4: Positive/Negative | G4: Priority | H4: Test Data | I4: Tester | J4: Execution Package | K4: Execution date | L4: Test Result | M4: Remark
A10: Scenario : Case validations : เมนู "ทีม" (Section สมาชิกในทีม)
A11: ="TC_Team_"&(ROW()-ROW($A$11)+1) -> TC_Team_1 | B11: ตรวจสอบเมนู :ทีม กรณี : ยังไม่ได้มีการเพิ่มสมาชิกในทีม | E11: 1. ระบบต้องแสดงเพียงเจ้าของธุรกิจภายใต้ "สมาชิกในทีม" | F11: Positive | G11: High | I11: James | K11: 46234 | L11: PASS
A12: ="TC_Team_"&(ROW()-ROW($A$11)+1) -> TC_Team_2 | B12: ตรวจสอบเมนู :ทีม กรณี : มีสมาชิก 2 คน | E12: 1. ระบบต้องแสดงรายชื่อสมาชิกทั้งหมดภายใต้ "สมาชิกในทีม" 2. ปุ่ม "เชิญสมาชิก" จะต้อง enable อยู่ 3. เจ้าของธุรกิจจะต้องเห็นปุ่ม "ถอนออก" ที่สมาชิกในทีม | F12: Positive | G12: High | I12: James | K12: 46234 | L12: PASS
A13: ="TC_Team_"&(ROW()-ROW($A$11)+1) -> TC_Team_3 | B13: ตรวจสอบเมนู :ทีม กรณี : มีสมาชิก 3 คน | E13: 1. ระบบต้องแสดงรายชื่อสมาชิกทั้งหมดภายใต้ "สมาชิกในทีม" 2. ปุ่ม "เชิญสมาชิก" จะต้อง disable 3. เจ้าของธุรกิจจะต้องเห็นปุ่ม "ถอนออก" ที่สมาชิกในทีม | F13: Positive | G13: High | I13: James | K13: 46234 | L13: PASS | M13: Link
A14: ="TC_Team_"&(ROW()-ROW($A$11)+1) -> TC_Team_4 | B14: ตรวจสอบเมนู :ทีม กรณี : User เป็น Pro และ มีสมาชิกภายในทีมครบ 3 คน แต่ถูกลดขั้นกลับมาเป็น Free (Free จะจำกัดให้มีสมาชิกได้เพียง 1 คน) | E14: 1. User ลำดับที่ 2 กับ 3 จะเห็น ธุรกิจนั้นอยู่แต่เข้าไม่ได้ (แสดงเป็น disabled) | F14: Positive | G14: High | I14: James | K14: 46238 | L14: PASS | M14: Link
A15: Scenario : Case validations : เมนู "ทีม" (Section คำเชิญค้างอยู่)
A16: ="TC_Team_"&(ROW()-ROW($A$11)+1-1) -> TC_Team_5 | B16: ตรวจสอบเมนู :ทีม กรณี : ไม่มีคำเชิญค้างอยู่ | E16: 1. ระบบแสดง label "ไม่มีคำเชิญที่ค้างอยู่" | F16: Positive | G16: High | I16: James | K16: 46234 | L16: PASS
A17: ="TC_Team_"&(ROW()-ROW($A$11)+1-1) -> TC_Team_6 | B17: ตรวจสอบเมนู :ทีม กรณี : มีคำเชิญค้างอยู่ | E17: 1. จะต้องแสดง record ภายใต้ section "คำเชิญที่ค้างอยู่" 2. แสดงปุ่ม "คัดลอกลิงก์" 3. แสดงปุ่ม "เพิกถอน" | F17: Positive | G17: High | I17: James | K17: 46234 | L17: PASS
A18: ="TC_Team_"&(ROW()-ROW($A$11)+1-1) -> TC_Team_7 | B18: ตรวจสอบเมนู :ทีม กรณี : มีคำเชิญค้างอยู่ แต่ Expired ไปแล้ว | E18: 1. ควรหายไปจาก section "คำเชิญที่ค้างอยู่" | F18: Positive | G18: High | I18: James | K18: 46234 | L18: PASS
A19: Scenario : ทำการเชิญสมาชิก และ สมาชิกเข้าร่วมสำเร็จ
A20: ="TC_Team_"&(ROW()-ROW($A$11)+1-2) -> TC_Team_8 | B20: ตรวจสอบเมนู :ทีม กรณี : ทำการเชิญสมาชิก และ สมาชิกเข้าร่วมสำเร็จ โดยสมาชิกภายในทีมมีเพียง 1 คน | E20: 1. User ที่ได้รับเชิญสามารถเข้าร่วมได้ 2. User ที่เข้าร่วมจะกลายเป็นสมาชิกลำดับที่ 2 3. User ที่เป็นสมาชิกรายชื่อธุรกิจ จะต้องมีคำว่า "ธุรกิจคนอื่น" | F20: Positive | G20: High | I20: Garfield | K20: 46234 | L20: PASS
A21: ="TC_Team_"&(ROW()-ROW($A$11)+1-2) -> TC_Team_9 | B21: ตรวจสอบเมนู :ทีม กรณี : ทำการเชิญสมาชิก และ สมาชิกเข้าร่วมสำเร็จ โดยสมาชิกภายในทีมมีเพียง 2 คน | E21: 1. User ที่ได้รับเชิญสามารถเข้าร่วมได้ 2. User ที่เข้าร่วมจะกลายเป็นสมาชิกลำดับที่ 3 3. User ที่เป็นสมาชิกรายชื่อธุรกิจ จะต้องมีคำว่า "ธุรกิจคนอื่น" | F21: Positive | G21: High | I21: Garfield | K21: 46234 | L21: PASS | M21: https://trello.com/c/E6hhh0hT
A22: ="TC_Team_"&(ROW()-ROW($A$11)+1-2) -> TC_Team_10 | B22: ตรวจสอบเมนู :ทีม กรณี : เคยมีสมาชิกครบ 3 คนแล้ว และ ทำการ ถอนออก 1 คน จะต้อง เชิญสมาชิกใหม่ เพิ่มได้ | E22: 1. User ที่ได้รับเชิญสามารถเข้าร่วมได้ 2. User ที่เข้าร่วมจะกลายเป็นสมาชิกลำดับที่ 3 3. User ที่เป็นสมาชิกรายชื่อธุรกิจ จะต้องมีคำว่า "ธุรกิจคนอื่น" | F22: Positive | G22: High | I22: Garfield | K22: 46234 | L22: PASS
A23: ="TC_Team_"&(ROW()-ROW($A$11)+1-2) -> TC_Team_11 | B23: ตรวจสอบเมนู :ทีม กรณี : มีคำเชิญที่ค้างไว้ แต่สมาชิกครบ 3 คนแล้ว หลังทำการ ถอนออก 1 คน user อื่นสามารถเข้าร่วมทีมได้จากคำเชิญที่ค้างไว้ | E23: 1. User ที่ได้รับเชิญสามารถเข้าร่วมได้ 2. User ที่เข้าร่วมจะกลายเป็นสมาชิกลำดับที่ 3 3. User ที่เป็นสมาชิกรายชื่อธุรกิจ จะต้องมีคำว่า "ธุรกิจคนอื่น" | F23: Positive | G23: High | I23: Garfield | K23: 46234 | L23: PASS
A24: Scenario : ทำการเชิญสมาชิก และ สมาชิกเข้าร่วมไม่สำเร็จ
A25: ="TC_Team_"&(ROW()-ROW($A$11)+1-3) -> TC_Team_12 | B25: ตรวจสอบเมนู :ทีม กรณี : User ทำการตอบรับคำเชิญหลังจาก Link expired ไปแล้ว (เข้าหน้าตอบรับก่อน Link Expired) | E25: 1. หลังกดตอบรับจะต้องแสดง error ที่สื่อว่า Link Expired | F25: Positive | G25: High | I25: James | K25: 46234 | L25: PASS
A26: ="TC_Team_"&(ROW()-ROW($A$11)+1-3) -> TC_Team_13 | B26: ตรวจสอบเมนู :ทีม กรณี : User ทำการแปะ Link หลังจากที่ Link Expired ไปแล้ว (เข้าหน้าตอบรับหลัง Link Expired) | E26: 1. พอเข้าหน้าเว็ปจะต้องแสดง error ที่สื่อว่า Link Expired | F26: Positive | G26: High | I26: Garfield | K26: 46234 | L26: PASS
A27: ="TC_Team_"&(ROW()-ROW($A$11)+1-3) -> TC_Team_14 | B27: ตรวจสอบเมนู :ทีม กรณี : ทำการเชิญสมาชิกค้างไว้เกิน 4 คำเชิญ และ สมาชิกกดเข้าร่วมหลังจากครบ 3 คนแล้ว คนที่ 4 ต้องกดเข้าไม่ได้ | E27: 1. หลังจาก user ที่ 4 ตอบรับคำเชิญจะต้องแสดง error ที่สื่อว่าสมาชิกภายในทีมเต็มแล้ว | F27: Positive | G27: High | I27: James | K27: 46234 | L27: PASS
A28: ="TC_Team_"&(ROW()-ROW($A$11)+1-3) -> TC_Team_15 | B28: ตรวจสอบเมนู :ทีม กรณี : User 2 คนทำการตอบรับคำเชิญจาก link เดียวกัน | E28: 1. User ที่กดทีหลังจะต้องเข้าร่วมไม่ได้ | F28: Positive | G28: High | I28: James | K28: 46234 | L28: PASS
A29: ="TC_Team_"&(ROW()-ROW($A$11)+1-3) -> TC_Team_16 | B29: ตรวจสอบเมนู :ทีม กรณี : User ค้างอยู่หน้าตอบรับคำเชิญ แต่เจ้าของธุรกิจทำการ เพิกถอน คำเชิญแล้ว หลังจาก user กดตอบรับคำเชิญจะต้องเข้าร่วมไม่ได้ | E29: 1. User จะต้องเข้าร่วมไม่ได้ | F29: Positive | G29: High | I29: Garfield | K29: 46234 | L29: PASS
A30: ="TC_Team_"&(ROW()-ROW($A$11)+1-3) -> TC_Team_17 | B30: ตรวจสอบเมนู :ทีม กรณี : ทำการเชิญค้างไว้ แต่ถูกลดขั้นจาก Pro กลายเป็น Free (Free จะจำกัดให้มีสมาชิกได้เพียง 1 คน) | E30: 1. User จะต้องเข้าร่วมไม่ได้ | F30: Positive | G30: High | I30: James | K30: 46238 | L30: PASS
A31: ="TC_Team_"&(ROW()-ROW($A$11)+1-3) -> TC_Team_18 | B31: ตรวจสอบเมนู :ทีม กรณี : User ตอบรับคำเชิญธุรกิจที่ตัวเองเป็นสมาชิกอยู่แล้ว | E31: 1. User จะต้องเข้าร่วมไม่ได้ | F31: Positive | G31: High | I31: James | K31: 46238 | L31: PASS | M31: Link
A32: ="TC_Team_"&(ROW()-ROW($A$11)+1-3) -> TC_Team_19 | B32: ตรวจสอบเมนู :ทีม กรณี : User ทำการกดปุ่ม "ไว้ทีหลัง" | E32: 1. User คนนั้นจะต้องยังไม่ เข้าร่วมทีม 2. Link คำเชิญจะต้องยังค้างอยู่ภายใต้ section "คำเชิญที่ค้างอยู่" 3. Link ต้องสามารถใช้งานได้อยู่ | F32: Positive | G32: High | I32: Garfield | K32: 46234 | L32: PASS
A33: Scenario : ทำการถอดสมาชิกออก / สมาชิกกดออกจากทีม
A34: ="TC_Team_"&(ROW()-ROW($A$11)+1-4) -> TC_Team_20 | B34: ตรวจสอบเมนู :ทีม กรณี : เจ้าของธุรกิจทำการถอดสมาชิกออกจากทีม และกดปุ่ม "ถอดออก" ที่ confirmation popup | E34: 1. หลังกด "ถอดออก" ระบบแสดง confirmation popup "ถอดสมาชิกออกจากทีม" 2. หลังกด "ถอดออก" สมาชิกคนนั้นจะต้องถูกถอดออก 3. User ที่ถอดออกจะต้องไม่เห็นธุรกิจนี้แล้ว | F34: Positive | G34: High | I34: Garfield | K34: 46237 | L34: PASS
A35: ="TC_Team_"&(ROW()-ROW($A$11)+1-4) -> TC_Team_21 | B35: ตรวจสอบเมนู :ทีม กรณี : เจ้าของธุรกิจทำการถอดสมาชิกออกจากทีม แต่กดปุ่ม "ยกเลิก" ที่ confirmation popup | E35: 1. หลังกด ถอดออก ระบบแสดง confirmation popup "ถอดสมาชิกออกจากทีม" 2. หลังกด "ยกเลิก" สมาชิกคนนั้นจะไม่ถูกถอดออก | F35: Positive | G35: High | I35: Garfield | K35: 46237 | L35: PASS
A36: ="TC_Team_"&(ROW()-ROW($A$11)+1-4) -> TC_Team_22 | B36: ตรวจสอบเมนู :ทีม กรณี : สมาชิกของธุรกิจทำการกดปุ่ม "ออกจากทีม" และกดปุ่ม "ออกจากทีม" ที่ confirmation popup | E36: 1. หลังกด "ออกจากทีม" ระบบแสดง confirmation popup "ออกจากทีม" 2. หลังกด "ออกจากทีม" สมาชิกคนนั้นจะต้องถูกถอดออก 3. User ที่ถอดออกจะต้องไม่เห็นธุรกิจนี้แล้ว | F36: Positive | G36: High | I36: Garfield | K36: 46237 | L36: PASS
A37: ="TC_Team_"&(ROW()-ROW($A$11)+1-4) -> TC_Team_23 | B37: ตรวจสอบเมนู :ทีม กรณี : สมาชิกของธุรกิจทำการกดปุ่ม "ออกจากทีม" แต่กดปุ่ม "ยกเลิก" ที่ confirmation popup | E37: 1. หลังกด "ออกจากทีม" ระบบแสดง confirmation popup "ออกจากทีม" 2. หลังกด "ยกเลิก" สมาชิกคนนั้นจะไม่ถูกถอดออก | F37: Positive | G37: High | I37: Garfield | K37: 46237 | L37: PASS
A38: Scenario : ทำการเพิกถอนคำเชิญ
A39: ="TC_Team_"&(ROW()-ROW($A$11)+1-5) -> TC_Team_24 | B39: ตรวจสอบเมนู :ทีม กรณี : ทำการเพิกถอนคำเชิญ ก่อนจะมีการตอบรับ (ค้างหน้าตอบรับ) | E39: 1. รายการจะต้องหายไปจาก section "คำเชิญที่ค้างอยู่" 2. Link นั้นจะต้องแสดงเป็น "ลิงก์เชิญนี้ถูกเพิกถอนแล้ว" | F39: Positive | G39: High | I39: Garfield | L39: PASS
A40: ="TC_Team_"&(ROW()-ROW($A$11)+1-3) -> TC_Team_27 | B40: ตรวจสอบเมนู :ทีม กรณี : ทำการเพิกถอนคำเชิญ ก่อน User จะเอา Link ไปแปะ | E40: 1. หลังเอา Link ไปแปะ หน้าจอจะต้องแสดง message สื่อว่าคำเชิญถูกเพิกถอนแล้ว | F40: Positive | G40: High | I40: Garfield | L40: PASS
A41: ="TC_Team_"&(ROW()-ROW($A$11)+1-5) -> TC_Team_26 | B41: ตรวจสอบเมนู :ทีม กรณี : ทำการเพิกถอนคำเชิญ หลังจาก User ตอบรับคำเชิญแล้ว | E41: 1. จะต้องทำการเพิกถอนไม่สำเร็จ 2. หลัง Refresh หน้าจอ รายการภายใต้ section "คำเชิญที่ค้างอยู่" จะหายไป | F41: Positive | G41: High | I41: Garfield | L41: PASS
A42: Scenario : Validate สิ่งที่สมาชิกทำได้
A43: ="TC_Team_"&(ROW()-ROW($A$11)+1-5) -> TC_Team_28 | B43: ตรวจสอบสิ่งที่สมาชิกทำได้ กรณี : สามารถสร้างดีล / เดิน flow / ออกเอกสาร ได้ | E43: 1. สามารถสร้างดีลได้ และเดิน flow ได้ 2. ดีลต้องแสดงให้เห็นทั้ง เจ้าของธุรกิจ และ สมาชิก 3. แสดงข้อมูลที่ calendar ถูกต้อง 4. แสดงข้อมูลที่ LINE ถูกต้อง 5. แสดงข้อมูลที่เงินและภาษีถูกต้อง 6. แสดงข้อมูลแบรนด์ถูกต้อง | F43: Positive | G43: High | I43: James | K43: 46237 | L43: PASS
A44: ="TC_Team_"&(ROW()-ROW($A$11)+1-5) -> TC_Team_29 | B44: ตรวจสอบสิ่งที่สมาชิกทำได้ กรณี : สามารถออกเอกสารได้ (Menu ออกเอกสาร) | E44: 1. สามารถออกเอกสารได้ 2. เอกสารที่สร้างจะต้องไปแสดงให้เห็นทั้ง เจ้าของธุรกิจ และ สมาชิก | F44: Positive | G44: High | I44: James | K44: 46237 | L44: PASS
A45: ="TC_Team_"&(ROW()-ROW($A$11)+1-5) -> TC_Team_30 | B45: ตรวจสอบสิ่งที่สมาชิกทำได้ กรณี : สามารถสร้าง Content Mockup ได้ | E45: 1. สามารถสร้าง Content Mockup ได้ 2. Content Mockup ที่สร้างจะต้องไปแสดงให้เห็นทั้ง เจ้าของธุรกิจ และ สมาชิก | F45: Positive | G45: High | I45: James | K45: 46237 | L45: PASS
A46: ="TC_Team_"&(ROW()-ROW($A$11)+1-5) -> TC_Team_31 | B46: ตรวจสอบสิ่งที่สมาชิกทำได้ กรณี : สามารถสร้างคอนเทนต์ ได้ | E46: 1. สามารถสร้างคอนเทนต์ได้ 2. คอนเทนต์ที่สร้างจะต้องไปแสดงให้เห็นทั้ง เจ้าของธุรกิจ และ สมาชิก | F46: Positive | G46: High | I46: James | K46: 46237 | L46: PASS
A47: Scenario : Validate สิ่งที่สมาชิกทำไม่ได้
A48: ="TC_Team_"&(ROW()-ROW($A$11)+1-6) -> TC_Team_32 | B48: ตรวจสอบสิ่งที่สมาชิกทำไม่ได้ กรณี : ไม่สามารถ ถอดสมาชิกคนอื่นออกจากทีมได้ | E48: 1. ต้องไม่เห็นปุ่ม "ถอดออก" ที่สมาชิก แต่ละราย | F48: Positive | G48: High | I48: Garfield | K48: 46237 | L48: PASS
A49: ="TC_Team_"&(ROW()-ROW($A$11)+1-6) -> TC_Team_33 | B49: ตรวจสอบสิ่งที่สมาชิกทำไม่ได้ กรณี : ไม่สามารถ ลบโปรไฟล์ธุรกิจของเจ้าของออกได้ | E49: 1. ต้องไม่เห็น Menu "โปรไฟล์ธุรกิจ" | F49: Positive | G49: High | I49: Garfield | K49: 46237 | L49: PASS
A50: ="TC_Team_"&(ROW()-ROW($A$11)+1-6) -> TC_Team_34 | B50: ตรวจสอบสิ่งที่สมาชิกทำไม่ได้ กรณี : กด "ไปที่โปรไฟล์ธุรกิจ" จากหน้า PDPA ระบบจะต้องแสดง Label "หน้านี้สำหรับเจ้าของธุรกิจเท่านั้น" | E50: 1. ระบบแสดง Label "หน้านี้สำหรับเจ้าของธุรกิจเท่านั้น" | F50: Positive | G50: High | I50: Garfield | K50: 46237 | L50: PASS
A51: Scenario : Validate การใช้งาน Credit
A52: ="TC_Team_"&(ROW()-ROW($A$11)+1-7) -> TC_Team_35 | B52: ตรวจสอบการใช้งาน Credit กรณี : สมาชิกต้องสามารถดู Credit คงเหลือของเจ้าของธุรกิจได้ | E52: 1. ต้องมี Menu ให้เข้าไปดู credit คงเหลือของเจ้าของธุรกิจ | F52: Positive | G52: High | I52: Garfield | K52: 46237 | L52: PASS
A53: ="TC_Team_"&(ROW()-ROW($A$11)+1-7) -> TC_Team_36 | B53: ตรวจสอบการใช้งาน Credit กรณี : เจ้าของใช้งาน Feature "ช่วยร่างข้อความ" | E53: 1. สามารถใช้งานได้ 2. Credit ที่ถูกหักจะต้องเป็น credit ของเจ้าของธุรกิจ | F53: Positive | G53: High | I53: Garfield | K53: 46237 | L53: PASS
A54: ="TC_Team_"&(ROW()-ROW($A$11)+1-7) -> TC_Team_37 | B54: ตรวจสอบการใช้งาน Credit กรณี : สมาชิกใช้งาน Feature "ช่วยร่างข้อความ" | E54: 1. สามารถใช้งานได้ 2. Credit ที่ถูกหักจะต้องเป็น credit ของเจ้าของธุรกิจ | F54: Positive | G54: High | I54: Garfield | K54: 46237 | L54: PASS
A55: ="TC_Team_"&(ROW()-ROW($A$11)+1-7) -> TC_Team_38 | B55: ตรวจสอบการใช้งาน Credit กรณี : เจ้าของใช้งาน Feature "สร้างคอนเทนต์" | E55: 1. สามารถใช้งานได้ 2. Credit ที่ถูกหักจะต้องเป็น credit ของเจ้าของธุรกิจ | F55: Positive | G55: High | I55: Garfield | K55: 46237 | L55: PASS
A56: ="TC_Team_"&(ROW()-ROW($A$11)+1-7) -> TC_Team_39 | B56: ตรวจสอบการใช้งาน Credit กรณี : สมาชิกใช้งาน Feature "สร้างคอนเทนต์" | E56: 1. สามารถใช้งานได้ 2. Credit ที่ถูกหักจะต้องเป็น credit ของเจ้าของธุรกิจ | F56: Positive | G56: High | I56: Garfield | K56: 46237 | L56: PASS
A57: ="TC_Team_"&(ROW()-ROW($A$11)+1-7) -> TC_Team_40 | B57: ตรวจสอบการใช้งาน Credit กรณี : สมาชิกต้องไม่สามารถเติม credit ให้เจ้าของธุรกิจได้ | E57: 1. ต้องไม่มีปุ่มให้ เติมเครดิต | F57: Positive | G57: High | I57: Garfield | K57: 46237 | L57: PASS
A58: ="TC_Team_"&(ROW()-ROW($A$11)+1-7) -> TC_Team_41 | B58: ตรวจสอบการใช้งาน Credit กรณี : เจ้าของธุรกิจทำการ ซื้อ credit จะต้อง update credit ให้สมาชิกเห็นด้วย | E58: 1. สมาชิกจะต้องเห็นยอดใหม่ของ credit | F58: Positive | G58: High | I58: Garfield | K58: 46237 | L58: PASS
A59: Scenario : User 2 คนทำรายการพร้อมกัน (กรณี Edit , Update Deal)
A60: ="TC_Team_"&(ROW()-ROW($A$11)+1-8) -> TC_Team_42 | B60: User 2 คนทำรายการพร้อมกัน กรณี : User 2 คนทำการแก้ไข status พร้อมกัน (Update Status) | E60: 1. User ที่ทำรายการทีหลัง จะต้องถูกแจ้งเตือนว่า "สถานะมีการเปลี่ยนแปลง" | F60: Negative | G60: High | I60: James | K60: 46238 | L60: PASS | M60: https://trello.com/c/IRmi1OCh https://trello.com/c/ru8dDTve
A61: ="TC_Team_"&(ROW()-ROW($A$11)+1-8) -> TC_Team_43 | B61: User 2 คนทำรายการพร้อมกัน กรณี : User 2 คนทำการแก้ไขข้อมูลดีลพร้อมกัน (Edit Deal Information) | E61: 1. User ที่ทำรายการทีหลัง จะต้องถูกแจ้งเตือนว่า "สถานะมีการเปลี่ยนแปลง" | F61: Negative | G61: High | I61: James | K61: 46238 | L61: PASS | M61: https://trello.com/c/IRmi1OCh https://trello.com/c/INbI7n10
A62: ="TC_Team_"&(ROW()-ROW($A$11)+1-8) -> TC_Team_44 | B62: User 2 คนทำรายการพร้อมกัน กรณี : User 2 คนทำการบันทึก Brief จากลูกค้า พร้อมกัน (Save Brief) | E62: 1. User ที่ทำรายการทีหลัง จะต้องถูกแจ้งเตือนว่า "สถานะมีการเปลี่ยนแปลง" | F62: Negative | G62: High | I62: James | K62: 46238 | L62: PASS | M62: https://trello.com/c/IRmi1OCh https://trello.com/c/OxgaA4iD เดี๋ยวมีเพิ่ม anchor
A63: ="TC_Team_"&(ROW()-ROW($A$11)+1-8) -> TC_Team_45 | B63: User 2 คนทำรายการพร้อมกัน กรณี : User 2 คนทำการ update status ของ สคริปต์ พร้อมกัน (Update Script Status) | E63: 1. User ที่ทำรายการทีหลัง จะต้องถูกแจ้งเตือนว่า "สถานะมีการเปลี่ยนแปลง" | F63: Negative | G63: High | I63: James | K63: 46238 | L63: PASS | M63: https://trello.com/c/IRmi1OCh https://trello.com/c/6Bcjju7m เดี๋ยวมีเพิ่ม anchor
A64: ="TC_Team_"&(ROW()-ROW($A$11)+1-8) -> TC_Team_46 | B64: User 2 คนทำรายการพร้อมกัน กรณี : User 2 คนทำการ update status ของ Draft พร้อมกัน (Update Draft Status) | E64: 1. User ที่ทำรายการทีหลัง จะต้องถูกแจ้งเตือนว่า "สถานะมีการเปลี่ยนแปลง" | F64: Negative | G64: High | I64: James | K64: 46238 | L64: PASS | M64: https://trello.com/c/IRmi1OCh เดี๋ยวมีเพิ่ม anchor
A65: ="TC_Team_"&(ROW()-ROW($A$11)+1-8) -> TC_Team_47 | B65: User 2 คนทำรายการพร้อมกัน กรณี : User 2 คนทำการเพิ่มงวดเงิน แต่งวดเงินถูกเพิ่มครบยอด ตั้งแต่ User คนแรก User คนที่ 2 จะต้องเพิ่มงวดเงินไม่สำเร็จ (ค้างอยู่หน้างวดเงินตั้งแต่ยังไม่มีสักงวด) Note: ไม่เกี่ยวกับงวดครบ | E65: 1. User ที่ทำรายการทีหลัง จะต้องถูกแจ้งเตือนว่า "สถานะมีการเปลี่ยนแปลง" | F65: Negative | G65: High | I65: James | K65: 46238 | L65: PASS | M65: https://trello.com/c/IRmi1OCh
A66: ="TC_Team_"&(ROW()-ROW($A$11)+1-8) -> TC_Team_48 | B66: User 2 คนทำรายการพร้อมกัน กรณี : User 1 กำลังจะ Export Excel เพื่อดู Deal ทั้งหมด แต่ User 2 แก้ไขข้อมูล Deal ไปก่อน (User 1 เห็น deal แบบข้อมูลเก่าก่อนจะ export) | E66: 1. ข้อมูลใน excel ต้องเป็นข้อมูลที่ถูก update แล้ว | F66: Negative | G66: High | I66: James | K66: 46237 | L66: PASS
A67: Scenario : User 2 คนทำรายการพร้อมกัน (Delete Deal)
A68: ="TC_Team_"&(ROW()-ROW($A$11)+1-9) -> TC_Team_49 | B68: User 2 คนทำรายการพร้อมกัน กรณี : User 1 กำลังจะ View ข้อมูล Deal แต่ User 2 ลบ Deal นั้นไปก่อน | E68: 1. ระบบต้องมีแจ้งเตือนให้ User 1 ทราบว่า Deal ถูกลบไปแล้ว | F68: Negative | G68: High | I68: James | K68: 46237 | L68: PASS
A69: ="TC_Team_"&(ROW()-ROW($A$11)+1-9) -> TC_Team_50 | B69: User 2 คนทำรายการพร้อมกัน กรณี : User 1 กำลังจะ Update Status Deal แต่ User 2 ลบ Deal นั้นไปก่อน | E69: 1. ระบบต้องมีแจ้งเตือนให้ User 1 ทราบว่า Deal ถูกลบไปแล้ว | F69: Negative | G69: High | I69: James | K69: 46237 | L69: PASS
A70: ="TC_Team_"&(ROW()-ROW($A$11)+1-9) -> TC_Team_51 | B70: User 2 คนทำรายการพร้อมกัน กรณี : User 1 กำลังจะ Edit ข้อมูล Deal แต่ User 2 ลบ Deal นั้นไปก่อน - Edit Information - Save Brief - Update script status - Update draft status - เพิ่มงวดเงิน - ชำระเงิน | E70: 1. ระบบต้องมีแจ้งเตือนให้ User 1 ทราบว่า Deal ถูกลบไปแล้ว | F70: Negative | G70: High | I70: James | K70: 46237 | L70: PASS
A71: ="TC_Team_"&(ROW()-ROW($A$11)+1-9) -> TC_Team_52 | B71: User 2 คนทำรายการพร้อมกัน กรณี : User 1 กำลังจะ ลบ ข้อมูล Deal แต่ User 2 ลบ Deal นั้นไปก่อน | E71: 1. ระบบต้องมีแจ้งเตือนให้ User 1 ทราบว่า Deal ถูกลบไปแล้ว | F71: Negative | G71: High | I71: James | K71: 46237 | L71: PASS
A72: ="TC_Team_"&(ROW()-ROW($A$11)+1-9) -> TC_Team_53 | B72: User 2 คนทำรายการพร้อมกัน กรณี : User 1 กำลังจะ ออกเอกสารให้กับ Deal แต่ User 2 ลบ Deal นั้นไปก่อน - ใบเสนอราคา - ใบแจ้งหนี้ - ใบเสร็จรับเงิน - ใบกำกับภาษี | E72: 1. ระบบต้องมีแจ้งเตือนให้ User 1 ทราบว่า Deal ถูกลบไปแล้ว | F72: Negative | G72: High | I72: James | K72: 46237 | L72: PASS
A73: ="TC_Team_"&(ROW()-ROW($A$11)+1-9) -> TC_Team_54 | B73: User 2 คนทำรายการพร้อมกัน กรณี : User 1 กำลังจะ Export Excel เพื่อดู Deal ทั้งหมด แต่ User 2 ลบ Deal ไป 1 Deal ก่อน (User 1 เห็น deal นั้นอยู่บนหน้าจอ) | E73: 1. Deal ที่ถูกลบไปแล้วต้องไม่ติดไปใน Excel ไฟล์ | F73: Negative | G73: High | I73: James | K73: 46237 | L73: PASS
A74: Scenario : User 2 คนทำรายการพร้อมกัน (กรณี Edit เอกสาร) (Menu เอกสาร)
A75: ="TC_Team_"&(ROW()-ROW($A$11)+1-10) -> TC_Team_55 | B75: User 2 คนทำรายการพร้อมกัน กรณี : User 2 คนทำการแก้ไขเอกสารพร้อมกัน | E75: 1. User ที่ทำรายการทีหลัง จะต้องถูกแจ้งเตือนว่า "สถานะมีการเปลี่ยนแปลง" | F75: Negative | G75: High | I75: James | K75: 46238 | L75: PASS | M75: https://trello.com/c/IRmi1OCh
A76: ="TC_Team_"&(ROW()-ROW($A$11)+1-10) -> TC_Team_56 | B76: User 2 คนทำรายการพร้อมกัน กรณี : User 1 กำลังจะ View เอกสาร แต่ User 2 แก้ไขข้อมูล เอกสาร ไปก่อน | E76: 1. User 1 เข้ามาจะต้องเห็นเป็น version ที่อัปเดตแล้ว | F76: Positive | G76: High | I76: Garfield | K76: 46237 | L76: PASS
A77: ="TC_Team_"&(ROW()-ROW($A$11)+1-10) -> TC_Team_57 | B77: User 2 คนทำรายการพร้อมกัน กรณี : User 1 กำลังจะ Download เอกสาร แต่ User 2 แก้ไขข้อมูล เอกสาร ไปก่อน | E77: 1. PDF ที่ User 1 download ลงมาจะต้องแสดงข้อมูลเป็น Version ที่ Update แล้ว | F77: Positive | G77: High | I77: Garfield | K77: 46237 | L77: PASS
A78: Scenario : User 2 คนทำรายการพร้อมกัน (กรณี Delete เอกสาร) (Menu เอกสาร)
A79: ="TC_Team_"&(ROW()-ROW($A$11)+1-11) -> TC_Team_58 | B79: User 2 คนทำรายการพร้อมกัน กรณี : User 1 กำลังจะ View เอกสาร แต่ User 2 ลบ เอกสาร นั้นไปก่อน | E79: 1. ระบบต้องมีแจ้งเตือนให้ User 1 ทราบว่า เอกสาร ถูกลบไปแล้ว | F79: Negative | G79: High | I79: Garfield | K79: 46237 | L79: PASS | M79: https://trello.com/c/vv6h46ps
A80: ="TC_Team_"&(ROW()-ROW($A$11)+1-11) -> TC_Team_59 | B80: User 2 คนทำรายการพร้อมกัน กรณี : User 1 กำลังจะ Edit เอกสาร แต่ User 2 ลบ เอกสาร นั้นไปก่อน | E80: 1. ระบบต้องมีแจ้งเตือนให้ User 1 ทราบว่า เอกสาร ถูกลบไปแล้ว | F80: Negative | G80: High | I80: Garfield | K80: 46237 | L80: PASS
A81: ="TC_Team_"&(ROW()-ROW($A$11)+1-10) -> TC_Team_61 | B81: User 2 คนทำรายการพร้อมกัน กรณี : User 1 กำลังจะ Download เอกสาร แต่ User 2 ลบ เอกสาร นั้นไปก่อน | E81: 1. ระบบต้องมีแจ้งเตือนให้ User 1 ทราบว่า เอกสาร ถูกลบไปแล้ว | F81: Negative | G81: High | I81: James | K81: 46237 | L81: PASS | M81: https://trello.com/c/0NJMwy16
A82: Scenario : User 2 คนทำรายการพร้อมกัน (กรณี Edit Content) (Menu Content Mockup)
A83: ="TC_Team_"&(ROW()-ROW($A$11)+1-11) -> TC_Team_62 | B83: User 2 คนทำรายการพร้อมกัน กรณี : User 2 คนทำการแก้ไขคอนเทนต์พร้อมกัน | E83: 1. User ที่ทำรายการทีหลัง จะต้องถูกแจ้งเตือนว่า "สถานะมีการเปลี่ยนแปลง" | F83: Negative | G83: High | I83: James | K83: 46238 | L83: PASS
A84: ="TC_Team_"&(ROW()-ROW($A$11)+1-11) -> TC_Team_63 | B84: User 2 คนทำรายการพร้อมกัน กรณี : User 1 กำลังจะ View Content แต่ User 2 แก้ไขข้อมูล content ไปก่อน | E84: 1. User 1 เข้ามาจะต้องเห็นเป็น version ที่อัปเดตแล้ว | F84: Negative | G84: High | I84: James | K84: 46237 | L84: FAIL | M84: แก้ไขรูปที่ Content Mockup user 2 view ข้อมูลรูปไม่เปลี่ยน https://trello.com/c/YfM3nMA3
A85: Scenario : User 2 คนทำรายการพร้อมกัน (กรณี Delete Content) (Menu Content Mockup)
A86: ="TC_Team_"&(ROW()-ROW($A$11)+1-12) -> TC_Team_64 | B86: User 2 คนทำรายการพร้อมกัน กรณี : User 1 กำลังจะ View Content แต่ User 2 ลบ Content นั้นไปก่อน | E86: 1. ระบบต้องมีแจ้งเตือนให้ User 1 ทราบว่า Content ถูกลบไปแล้ว | F86: Negative | G86: High | I86: James | K86: 46237 | L86: PASS
A87: ="TC_Team_"&(ROW()-ROW($A$11)+1-12) -> TC_Team_65 | B87: User 2 คนทำรายการพร้อมกัน กรณี : User 1 กำลังจะ Edit Content แต่ User 2 ลบ Content นั้นไปก่อน | E87: 1. ระบบต้องมีแจ้งเตือนให้ User 1 ทราบว่า Content ถูกลบไปแล้ว | F87: Negative | G87: High | I87: Garfield | K87: 46237 | L87: PASS
A88: Scenario : User 2 คนทำรายการพร้อมกัน (Feature ที่มีการใช้งาน Credit)
A89: ="TC_Team_"&(ROW()-ROW($A$11)+1-13) -> TC_Team_66 | B89: User 2 คนทำรายการพร้อมกัน กรณี : User 2 คนใช้งาน feature ที่กิน credit พร้อมกัน และ credit เพียงพอต่อการใช้งาน | E89: 1. ระบบต้องอนุญาตให้ใช้งาน feature นั้นๆ ได้สำหรับทั้ง 2 User 2. Credit คงเหลือจะต้องแสดงถูกต้องสำหรับทั้ง 2 User Ex. Feature ที่จะเล่นใช้ 1 credit เจ้าของธุรกิจมี credit เหลือ 4 Step 1: User 1 เปิด modal Step 2: User 2 เปิด modal Step 3: User 1 ทำการกดร่างข้อความ -> ระบบแสดงหน้าจอ Credit เหลือ 3 Step 4: User 2 ทำการกดร่างข้อความ -> ระบบแสดงหน้าจอ Credit เหลือ 2 Step 5: User 1 กด ร่างใหม่อีกครั้ง -> ระบบแสดงหน้าจอ Credit เหลือ 1 จุด Focus Step 6: User 2 กด ร่างใหม่อีกครั้ง -> ระบบแสดงหน้าจอ Credit เหลือ 0 | F89: Positive | G89: High | I89: James | K89: 46237 | L89: PASS
A90: ="TC_Team_"&(ROW()-ROW($A$11)+1-13) -> TC_Team_67 | B90: User 2 คนทำรายการพร้อมกัน กรณี : User 1 ทำการค้างหน้าจออยู่ที่ modal "ช่วยร่างข้อความ" และเห็นว่ามียอด credit เหลืออยู่ แต่ถูก User 2 ใช้งาน credit จนหมดไปก่อน User 1 ต้องใช้งาน feature นั้นไม่ได้ - Feature ช่วยร่างข้อความ | E90: 1. ระบบต้องแสดง popup message ว่า credit ไม่พอ 2. Refresh ยอดใหม่ให้ลูกค้าเห็น หลังกดปิดปุ่ม | F90: Negative | G90: High | I90: James | K90: 46237 | L90: PASS
A91: ="TC_Team_"&(ROW()-ROW($A$11)+1-13) -> TC_Team_68 | B91: User 2 คนทำรายการพร้อมกัน กรณี : User 1 ทำการค้างหน้าจออยู่ที่ modal "ช่วยร่างข้อความ" และเห็นว่ามียอด credit เหลืออยู่ แต่ถูก User 2 ใช้งาน credit จนหมดไปก่อน User 1 ต้องใช้งาน feature นั้นไม่ได้ - Feature สร้างคอนเทนต์ | E91: 1. ระบบต้องแสดง message ว่า credit ไม่พอ | F91: Negative | G91: High | I91: James | K91: 46237 | L91: PASS
A92: ="TC_Team_"&(ROW()-ROW($A$11)+1-13) -> TC_Team_69 | B92: User 2 คนทำรายการพร้อมกัน กรณี : User 1 ทำการค้างหน้าจออยู่ที่ modal "ช่วยร่างข้อความ" และเห็นว่ามียอด credit ไม่เพียงพอต่อการใช้งาน แต่ถูก เจ้าของธุรกิจทำการเติม credit , User 1 ต้องใช้งาน feature นั้นต่อได้ - Feature ช่วยร่างข้อความ Note: เดี๋ยวดักว่าถ้า credit ไม่พอให้ disable ปุ่ม feature นั้นๆ | E92: 1. User 1 ต้องใช้งาน feature นั้นต่อได้ | F92: Positive | G92: High | L92: N/A
A93: ="TC_Team_"&(ROW()-ROW($A$11)+1-13) -> TC_Team_70 | B93: User 2 คนทำรายการพร้อมกัน กรณี : User 1 ทำการค้างหน้าจออยู่ที่ modal "ช่วยร่างข้อความ" และเห็นว่ามียอด credit ไม่เพียงพอต่อการใช้งาน แต่ถูก เจ้าของธุรกิจทำการเติม credit User 1 ต้องใช้งาน feature นั้นต่อได้ - Feature สร้างคอนเทนต์ Note: เดี๋ยวดักว่าถ้า credit ไม่พอให้ disable ปุ่ม feature นั้นๆ | E93: 1. User 1 ต้องใช้งาน feature นั้นต่อได้ | F93: Positive | G93: High | L93: N/A
A94: Scenario : สมาชิกโดนลบออกจากทีม ก่อนจะทำ action ใดๆ ภายใต้ธุรกิจนั้น
A95: ="TC_Team_"&(ROW()-ROW($A$11)+1-14) -> TC_Team_71 | B95: สมาชิกโดนลบออกจากทีม กรณี : User 2 (แอดมิน) กำลังจะ Add Deal แต่เจ้าของธุรกิจ (Owner) ลบ User 2 ออกจากทีมไปก่อน | E95: 1.ระบบแสดง popup error 2. ระบบพาไปหน้า login เข้าด้วย เข้าด้วยบัญชี LINE ทันที่ที่คลิกเมนูสร้างดีล | F95: Negative | G95: High | I95: Garfield | L95: PASS | M95: ระบบไม่แสดง popup error ก่อนจะจะพาไปหน้า line https://trello.com/c/bMzBj3TH
A96: ="TC_Team_"&(ROW()-ROW($A$11)+1-14) -> TC_Team_72 | B96: สมาชิกโดนลบออกจากทีม กรณี : User 2 กำลังจะ Edit Deal (แก้ไขข้อมูลดีลที่มีอยู่) แต่เจ้าของธุรกิจลบ User 2 ออกจากทีมไปก่อน | E96: 1.ระบบแสดง popup error 2. ระบบพาไปหน้า login เข้าด้วย เข้าด้วยบัญชี LINE ทันที่ที่คลิกเมนูสร้างดีล | F96: Negative | G96: High | I96: Garfield | K96: 46239 | L96: PASS
A97: ="TC_Team_"&(ROW()-ROW($A$11)+1-14) -> TC_Team_73 | B97: สมาชิกโดนลบออกจากทีม กรณี : User 2 จะกด "ช่วยร่างข้อความ" แต่เจ้าของธุรกิจลบ User 2 ออกจากทีมไปก่อน | E97: 1.ระบบแสดง popup error 2. ระบบพาไปหน้า login เข้าด้วย เข้าด้วยบัญชี LINE ทันที่ที่คลิกเมนู Edit Deal 3. เครดิต AI เจ้าของธุรกิจเหลือเท่าเดิมไม่ถูกนำมาใช้ | F97: Negative | G97: High | I97: Garfield | K97: 46239 | L97: PASS
A98: ="TC_Team_"&(ROW()-ROW($A$11)+1-14) -> TC_Team_74 | B98: สมาชิกโดนลบออกจากทีม กรณี: User 2 กำลังจะบันทึก Content Mockup แต่เจ้าของธุรกิจลบ User 2 ออกจากทีมไปก่อน | E98: 1.ระบบแสดง popup error 2. ระบบพาไปหน้า login เข้าด้วย เข้าด้วยบัญชี LINE ทันที่ที่คลิกเมนูสร้างดีล | F98: Negative | G98: High | I98: Garfield | K98: 46239 | L98: PASS
A99: ="TC_Team_"&(ROW()-ROW($A$11)+1-14) -> TC_Team_75 | B99: สมาชิกโดนลบออกจากทีม กรณี: User 2 กำลังจะ สร้างคอนเทนต์ (วางแผนคอนเทนต์) แต่เจ้าของธุรกิจลบ User 2 ออกจากทีมไปก่อน | E99: 1.ระบบแสดง popup error 2. ระบบพาไปหน้า login เข้าด้วย เข้าด้วยบัญชี LINE ทันที่ที่คลิกเมนูสร้างดีล | F99: Negative | G99: High | I99: Garfield | K99: 46239 | L99: PASS
A100: ="TC_Team_"&(ROW()-ROW($A$11)+1-14) -> TC_Team_76 | B100: สมาชิกโดนลบออกจากทีม กรณี: User 2 กดสลับบัญชี "โปรไฟล์ธุรกิจ" ที่ถูกลบออกจากทีมแล้ว | E100: 1.ระบบแสดง popup error 2. ระบบ Refresh กลับไปหน้าหลักอัตของเจ้าของธุรกิจ Auto | F100: Negative | G100: High | I100: Garfield | K100: 46239 | L100: FAIL | M100: https://trello.com/c/dXeELzgV
A101: Scenario : แจ้งเตือน LINE
A102: ="TC_Team_"&(ROW()-ROW($A$11)+1-15) -> TC_Team_77 | B102: แจ้งเตือน LINE กรณี: ตั้งค่า "สรุปรวม (Digest)" ความถี่เป็น "ทุกวัน" เวลา 07:00 น. โดยมีเจ้าของธุรกิจเพียงแค่คนเดียวในทีม | E102: 1. ระบบต้องส่งข้อความสรุปแจ้งเตือนทาง LINE ทุกวัน เวลา 07:00 น. ตรงตามที่ตั้งค่าไว้ | F102: Positive | G102: Medium | L102: Not Start
A103: ="TC_Team_"&(ROW()-ROW($A$11)+1-15) -> TC_Team_78 | B103: แจ้งเตือน LINE กรณี: ตั้งค่า "สรุปรวม (Digest)" ความถี่เป็น "ทุกสัปดาห์" | E103: 1. ระบบต้องส่งข้อความสรุปแจ้งเตือนทาง LINE ตามรอบสัปดาห์ที่กำหนด (ไม่ส่งทุกวัน) 2. เนื้อหาสรุปควรครอบคลุมรายการที่เกิดขึ้นตลอดสัปดาห์ที่ผ่านมา ไม่ใช่แค่วันเดียว | F103: Positive | G103: Medium | L103: Not Start
A104: ="TC_Team_"&(ROW()-ROW($A$11)+1-15) -> TC_Team_79 | B104: แจ้งเตือน LINE กรณี: โปรไฟล์ธุรกิจมีแอดมิน 3 คน (รวมเจ้าของ) ทุกคนเชื่อมต่อ LINE OA แล้ว โดย ที่ตั้งค่าแจ้งเตือนไว้ (เช่น 10:00 น.) | E104: 1. แอดมินทั้ง 3 คนต้องได้รับข้อความแจ้งเตือนสรุป (Digest) ทาง LINE ตรงตามเวลาที่ Setting ไว้ 2. เนื้อหาที่แต่ละคนได้รับต้องเป็นข้อมูลของโปรไฟล์ธุรกิจเดียวกัน ตรงกันทุกคน | F104: Positive | G104: High | L104: Not Start
A105: ="TC_Team_"&(ROW()-ROW($A$11)+1-15) -> TC_Team_80 | B105: แจ้งเตือน LINE กรณี: โปรไฟล์ธุรกิจมีแอดมิน 3 คน โดย 1 คนยังไม่ได้เชื่อมต่อ LINE OA (ยังไม่กด "แอดเพื่อน") เมื่อถึงเวลาแจ้งเตือนแล้ว | E105: 1. แอดมิน 2 คนที่เชื่อมต่อ LINE แล้วต้องได้รับแจ้งเตือนตามปกติ 2. แอดมินที่ยังไม่เชื่อมต่อ LINE ต้องไม่ได้รับข้อความ (เพราะยังไม่ผูกบัญชี) และควรเห็นสถานะ "ยังไม่เชื่อมต่อ" ในหน้าตั้งค่า | F105: Negative | G105: Medium | L105: Not Start
A106: ="TC_Team_"&(ROW()-ROW($A$11)+1-15) -> TC_Team_81 | B106: แจ้งเตือน LINE กรณี: โปรไฟล์ธุรกิจมีแอดมิน 3 คน เจ้าของธุรกิจทำการ ลบแอดมิน 1 คน ออกจากทีม ก่อนถึงเวลาแจ้งเตือนที่ตั้งไว้ | E106: 1. แอดมินที่เหลืออีก 2 คน (รวมเจ้าของ) ต้องได้รับข้อความแจ้งเตือนตามเวลาที่ Setting ไว้ตามปกติ 2. แอดมินที่ถูกลบออกจากทีมต้องไม่ได้รับข้อความแจ้งเตือนใดๆ ของโปรไฟล์ธุรกิจนี้อีก แม้จะยังเป็นเพื่อนกับ LINE OA อยู่ก็ตาม | F106: Negative | G106: High | L106: Not Start
...

Sheet Content_Mockup
B1: =HYPERLINK("#Document!A1", "Refer to sheet Document") -> Refer to sheet Document
A3: Total TC. | B3: =COUNTIF(A12:A154,"TC_*") -> 37
A4: Test Cases ID | B4: Test Case Description | C4: Pre-Conditions | D4: Test Step | E4: Expected Result | F4: Positive/Negative | G4: Priority | H4: Test Data | I4: Tester | J4: Execution Plan | K4: Execution date | L4: Test Result | M4: Remark
A10: Scenario : Case validations : เมนู "Content Mockup"
A11: ="TC_Content_Mockup_"&(ROW()-ROW($A$11)+1) -> TC_Content_Mockup_1 | B11: ตรวจสอบเมนู : Content Mockup กรณี : User ยังไม่เคยมีการสร้าง Content | E11: 1. แสดง Label "ยังไม่มีคอนเทนต์" 2. แสดงปุ่ม "สร้างคอนเทนต์แรก" กลางจอ | F11: Positive | G11: Medium | L11: Not Start
A12: ="TC_Content_Mockup_"&(ROW()-ROW($A$11)+1) -> TC_Content_Mockup_2 | B12: ตรวจสอบเมนู : ปฏิทิน กรณี : User มีการสร้างไว้ 1 content และมีสถานะ = ไอเดีย | E12: 1. แต่ละ tab แสดงตามนี้ - Tab "ทั้งหมด" -> แสดงรายการ - Tab "ไอเดีย" -> แสดงรายการ - Tab "ร่าง" -> แสดง "ไม่มีคอนเทนต์ในสถานะนี้" - Tab "กำหนดลง" -> แสดง "ไม่มีคอนเทนต์ในสถานะนี้" - Tab "ลงแล้ว" -> แสดง "ไม่มีคอนเทนต์ในสถานะนี้" | F12: Positive | G12: Medium | L12: Not Start
A13: ="TC_Content_Mockup_"&(ROW()-ROW($A$11)+1) -> TC_Content_Mockup_3 | B13: ตรวจสอบเมนู : ปฏิทิน กรณี : User มีการสร้างไว้ 1 content และมีสถานะ = ร่าง | E13: 1. แต่ละ tab แสดงตามนี้ - Tab "ทั้งหมด" -> แสดงรายการ - Tab "ไอเดีย" -> แสดง "ไม่มีคอนเทนต์ในสถานะนี้" - Tab "ร่าง" -> แสดงรายการ - Tab "กำหนดลง" -> แสดง "ไม่มีคอนเทนต์ในสถานะนี้" - Tab "ลงแล้ว" -> แสดง "ไม่มีคอนเทนต์ในสถานะนี้" | F13: Positive | G13: Medium | L13: Not Start
A14: ="TC_Content_Mockup_"&(ROW()-ROW($A$11)+1) -> TC_Content_Mockup_4 | B14: ตรวจสอบเมนู : ปฏิทิน กรณี : User มีการสร้างไว้ 1 content และมีสถานะ = กำหนดลง | E14: 1. แต่ละ tab แสดงตามนี้ - Tab "ทั้งหมด" -> แสดงรายการ - Tab "ไอเดีย" -> แสดง "ไม่มีคอนเทนต์ในสถานะนี้" - Tab "ร่าง" -> แสดง "ไม่มีคอนเทนต์ในสถานะนี้" - Tab "กำหนดลง" -> แสดงรายการ - Tab "ลงแล้ว" -> แสดง "ไม่มีคอนเทนต์ในสถานะนี้" | F14: Positive | G14: Medium | L14: Not Start
A15: ="TC_Content_Mockup_"&(ROW()-ROW($A$11)+1) -> TC_Content_Mockup_5 | B15: ตรวจสอบเมนู : ปฏิทิน กรณี : User มีการสร้างไว้ 1 content และมีสถานะ = ลงแล้ว | E15: 1. แต่ละ tab แสดงตามนี้ - Tab "ทั้งหมด" -> แสดงรายการ - Tab "ไอเดีย" -> แสดง "ไม่มีคอนเทนต์ในสถานะนี้" - Tab "ร่าง" -> แสดง "ไม่มีคอนเทนต์ในสถานะนี้" - Tab "กำหนดลง" -> แสดง "ไม่มีคอนเทนต์ในสถานะนี้" - Tab "ลงแล้ว" -> แสดงรายการ | F15: Positive | G15: Medium | L15: Not Start
A16: Scenario : User ทำการสร้างคอนเทนต์
A17: ="TC_Content_Mockup_"&(ROW()-ROW($A$11)+1-1) -> TC_Content_Mockup_6 | B17: ตรวจสอบเมนู : Content Mockup กรณี : User ทำการสร้าง Content โดยกรอกเพียง Mandatory field - Mandatory field only​ : ชื่อคอนเทนต์ - ชนิดคอนเทนต์ : วิดีโอ (ถูกเลือกโดย default) - Platform : Instagram (ถูกเลือกโดย default) - สถานะ : ไอเดีย (ถูกเลือกโดย default) | E17: 1. สามารถสร้างรายการได้ 2. รายการไปอยู่ที่ tab : ทั้งหมด , ไอเดีย | F17: Positive | G17: Medium | L17: Not Start
A18: ="TC_Content_Mockup_"&(ROW()-ROW($A$11)+1-1) -> TC_Content_Mockup_7 | B18: ตรวจสอบเมนู : Content Mockup กรณี : User ทำการสร้าง Content โดยกรอก Mandatory field ไม่ครบ | E18: 1. กด "เพิ่มคอนเทนต์" แล้วขึ้นกรอบแดงที่ field mandatory นั้น พร้อม inline error ด้านล่าง | F18: Positive | G18: Medium | L18: Not Start
A19: ="TC_Content_Mockup_"&(ROW()-ROW($A$11)+1-1) -> TC_Content_Mockup_8 | B19: ตรวจสอบเมนู : Content Mockup กรณี : User ทำการสร้าง Content โดยกรอกข้อมูลครบทุก field | E19: 1. สามารถสร้างรายการได้ | F19: Positive | G19: Medium | L19: Not Start
A20: ="TC_Content_Mockup_"&(ROW()-ROW($A$11)+1-1) -> TC_Content_Mockup_9 | B20: ตรวจสอบเมนู : Content Mockup กรณี : User ทำการสร้าง Content โดยเลือก ชนิดคอนเทนต์ = วิดีโอ + upload video + platform = Instagram | E20: 1. ระบบแสดง ตัวอย่างโพสต์ ได้ถูกต้องตาม video ที่ upload ไปในรูปแบบของ Instagram 2. สามารถสร้างรายการได้ 3. หน้าปกของ content แสดงตามที่ upload ไป 4. แสดง platform ตามที่เราเลือกมา -> Instagram | F20: Positive | G20: Medium | L20: Not Start
A21: ="TC_Content_Mockup_"&(ROW()-ROW($A$11)+1-1) -> TC_Content_Mockup_10 | B21: ตรวจสอบเมนู : Content Mockup กรณี : User ทำการสร้าง Content โดยเลือก ชนิดคอนเทนต์ = วิดีโอ + upload image + platform = Tiktok , Youtube | E21: 1. ระบบแสดง ตัวอย่างโพสต์ ได้ถูกต้องตาม image ที่ upload ไปในรูปแบบของ Tiktok 2. สามารถเปลี่ยนไปดูตัวอย่างโพสต์สำหรับ Youtube ได้ 3. สามารถสร้างรายการได้ 4. หน้าปกของ content แสดงตามที่ upload ไป 5. แสดง platform ตามที่เราเลือกมา -> Tiktok , Youtube | F21: Positive | G21: Medium | L21: Not Start
A22: ="TC_Content_Mockup_"&(ROW()-ROW($A$11)+1-1) -> TC_Content_Mockup_11 | B22: ตรวจสอบเมนู : Content Mockup กรณี : User ทำการสร้าง Content โดยเลือก ชนิดคอนเทนต์ = โพสต์ + upload video + platform = Facebook , X | E22: 1. ระบบแสดง ตัวอย่างโพสต์ ได้ถูกต้องตาม video ที่ upload ไปในรูปแบบของ Facebook 2. สามารถเปลี่ยนไปดูตัวอย่างโพสต์สำหรับ X ได้ 3. สามารถสร้างรายการได้ 4. หน้าปกของ content แสดงตามที่ upload ไป 5. แสดง platform ตามที่เราเลือกมา -> Facebook , X | F22: Positive | G22: Medium | L22: Not Start
A23: ="TC_Content_Mockup_"&(ROW()-ROW($A$11)+1-1) -> TC_Content_Mockup_12 | B23: ตรวจสอบเมนู : Content Mockup กรณี : User ทำการสร้าง Content โดยเลือก ชนิดคอนเทนต์ = โพสต์ + upload image + platform = LinkedIn | E23: 1. ระบบแสดง ตัวอย่างโพสต์ ได้ถูกต้องตาม image ที่ upload ไปในรูปแบบของ LinkedIn 2. สามารถสร้างรายการได้ 3. หน้าปกของ content แสดงตามที่ upload ไป 4. แสดง platform ตามที่เราเลือกมา -> LinkedIn | F23: Positive | G23: Medium | L23: Not Start
A24: ="TC_Content_Mockup_"&(ROW()-ROW($A$11)+1-1) -> TC_Content_Mockup_13 | B24: ตรวจสอบเมนู : Content Mockup กรณี : User ทำการสร้าง Content โดยเลือก ชนิดคอนเทนต์ = บทความ + upload video + platform = ไลฟ์ | E24: 1. ระบบแสดง ตัวอย่างโพสต์ ได้ถูกต้องตาม video ที่ upload ไปในรูปแบบของ ไลฟ์ 2. สามารถสร้างรายการได้ 3. หน้าปกของ content แสดงตามที่ upload ไป 4. แสดง platform ตามที่เราเลือกมา -> ไลฟ์ | F24: Positive | G24: Medium | L24: Not Start
A25: ="TC_Content_Mockup_"&(ROW()-ROW($A$11)+1-1) -> TC_Content_Mockup_14 | B25: ตรวจสอบเมนู : Content Mockup กรณี : User ทำการสร้าง Content โดยเลือก ชนิดคอนเทนต์ = บทความ + upload image + platform = Instagram , Tiktok , Youtube , Facebook , X , LinkedIn , ไลฟ์ | E25: 1. ระบบแสดง ตัวอย่างโพสต์ ได้ถูกต้องตาม image ที่ upload ไปในรูปแบบของ Instagram 2. สามารถเปลี่ยนไปดูตัวอย่างโพสต์สำหรับ Tiktok , Youtube , Facebook , X , LinkedIn , ไลฟ์ ได้ 3. สามารถสร้างรายการได้ 4. หน้าปกของ content แสดงตามที่ upload ไป 5. แสดง platform ตามที่เราเลือกมา -> Instagram , Tiktok , Youtube , Facebook , X , LinkedIn , ไลฟ์ | F25: Positive | G25: Medium | L25: Not Start
A26: ="TC_Content_Mockup_"&(ROW()-ROW($A$11)+1-1) -> TC_Content_Mockup_15 | B26: ตรวจสอบเมนู : Content Mockup กรณี : User ทำการสร้าง Content โดยเลือกสถานะ = ไอเดีย | E26: 1. สามารถสร้างรายการได้ 2. รายการไปอยู่ที่ tab : ทั้งหมด , ไอเดีย | F26: Positive | G26: Medium | L26: Not Start
A27: ="TC_Content_Mockup_"&(ROW()-ROW($A$11)+1-1) -> TC_Content_Mockup_16 | B27: ตรวจสอบเมนู : Content Mockup กรณี : User ทำการสร้าง Content โดยเลือกสถานะ = ร่าง | E27: 1. สามารถสร้างรายการได้ 2. รายการไปอยู่ที่ tab : ทั้งหมด , ร่าง | F27: Positive | G27: Medium | L27: Not Start
A28: ="TC_Content_Mockup_"&(ROW()-ROW($A$11)+1-1) -> TC_Content_Mockup_17 | B28: ตรวจสอบเมนู : Content Mockup กรณี : User ทำการสร้าง Content โดยเลือกสถานะ = กำหนดลง | E28: 1. สามารถสร้างรายการได้ 2. รายการไปอยู่ที่ tab : ทั้งหมด , กำหนดลง | F28: Positive | G28: Medium | L28: Not Start
... A31: ="TC_Content_Mockup_"&(ROW()-ROW($A$11)+1-1) -> TC_Content_Mockup_20 | B31: ตรวจสอบเมนู : Content Mockup กรณี : User ทำการสร้าง Content โดยไม่มีการผูกกับดีล | E31: 1. สามารถสร้างรายการได้ 2. คอนเทนต์จะไม่ไปโผล่อยู่ภายใต้ tab "งาน / สคริปต์" ของดีลไหนๆ | F31: Positive | G31: Medium | L31: Not Start
A32: Scenario : User ทำการแก้ไข Content
A33: ="TC_Content_Mockup_"&(ROW()-ROW($A$11)+1-2) -> TC_Content_Mockup_21 | B33: ตรวจสอบเมนู : Content Mockup กรณี : User ทำการแก้ไข Content โดยที่ Mandatory field ยังอยู่ครบ | E33: 1. สามารถบันทึกการแก้ไขได้ | F33: Positive | G33: Medium | L33: Not Start
A34: ="TC_Content_Mockup_"&(ROW()-ROW($A$11)+1-2) -> TC_Content_Mockup_22 | B34: ตรวจสอบเมนู : Content Mockup กรณี : User ทำการแก้ไข Content โดยที่กรอก Mandatory field ไม่ครบ | E34: 1. ไม่สามารถบันทึกการแก้ไขได้ | F34: Positive | G34: Medium | L34: Not Start
A35: ="TC_Content_Mockup_"&(ROW()-ROW($A$11)+1-2) -> TC_Content_Mockup_23 | B35: ตรวจสอบเมนู : Content Mockup กรณี : User ทำการแก้ไขชนิดคอนเทนต์ | E35: 1. สามารถบันทึกการแก้ไขได้ 2. ชนิดคอนเทนต์เปลี่ยนตามที่แก้ไขถูกต้อง | F35: Positive | G35: Medium | L35: Not Start
A36: ="TC_Content_Mockup_"&(ROW()-ROW($A$11)+1-2) -> TC_Content_Mockup_24 | B36: ตรวจสอบเมนู : Content Mockup กรณี : User ทำการแก้ไขจาก Content ที่ไม่มีการ upload รูป/วิดีโอ ไว้ และทำการ upload รูปเพิ่ม | E36: 1. หลังบันทึกเสร็จ รูปที่ upload จะต้องถูกนำมาแสดงเป็นภาพหน้าปกของ content นั้น | F36: Positive | G36: Medium | L36: Not Start
A37: ="TC_Content_Mockup_"&(ROW()-ROW($A$11)+1-2) -> TC_Content_Mockup_25 | B37: ตรวจสอบเมนู : Content Mockup กรณี : User ทำการแก้ไขจาก Content ที่มีการ upload รูป/วิดีโอ ไว้ และทำการเปลี่ยนรูปภาพ | E37: 1. รูปหน้าปกจะต้องแสดงเป็นรูปที่ upload มาใหม่ | F37: Positive | G37: Medium | L37: Not Start
